image_path,emotion
0.jpg,anger
1.jpg,neutral
10.jpg,neutral
100.jpg,surprise
1000.jpg,happy
1001.jpg,surprise
1002.jpg,contempt
1003.jpg,sad
1004.jpg,neutral
1005.jpg,neutral
1006.jpg,sad
1007.jpg,surprise
1008.jpg,neutral
1009.jpg,neutral
101.jpg,fear
1010.jpg,fear
1011.jpg,surprise
1012.jpg,anger
1013.jpg,fear
1014.jpg,happy
1015.jpg,happy
1016.jpg,fear
1017.jpg,happy
1018.jpg,sad
1019.jpg,fear
102.jpg,happy
1020.jpg,surprise
1021.jpg,fear
1022.jpg,surprise
1023.jpg,neutral
1024.jpg,fear
1025.jpg,anger
1026.jpg,anger
1027.jpg,neutral
1028.jpg,disgust
1029.jpg,surprise
103.jpg,surprise
1030.jpg,surprise
1031.jpg,anger
1032.jpg,neutral
1033.jpg,sad
1034.jpg,fear
1035.jpg,neutral
1036.jpg,anger
1037.jpg,fear
1038.jpg,fear
1039.jpg,contempt
104.jpg,fear
1040.jpg,happy
1041.jpg,happy
1042.jpg,anger
1043.jpg,fear
1044.jpg,anger
1045.jpg,surprise
1046.jpg,anger
1047.jpg,surprise
1048.jpg,contempt
1049.jpg,neutral
105.jpg,anger
1050.jpg,happy
1051.jpg,surprise
1052.jpg,neutral
1053.jpg,surprise
1054.jpg,neutral
1055.jpg,surprise
1056.jpg,neutral
1057.jpg,neutral
1058.jpg,fear
1059.jpg,neutral
106.jpg,surprise
1060.jpg,surprise
1061.jpg,anger
1062.jpg,happy
1063.jpg,surprise
1064.jpg,anger
1065.jpg,anger
1066.jpg,happy
1067.jpg,anger
1068.jpg,surprise
1069.jpg,sad
107.jpg,sad
1070.jpg,neutral
1071.jpg,sad
1072.jpg,surprise
1073.jpg,neutral
1074.jpg,sad
1075.jpg,happy
1076.jpg,sad
1077.jpg,anger
1078.jpg,happy
1079.jpg,happy
108.jpg,neutral
1080.jpg,anger
1081.jpg,surprise
1082.jpg,anger
1083.jpg,neutral
1084.jpg,neutral
1085.jpg,surprise
1086.jpg,anger
1087.jpg,anger
1088.jpg,surprise
1089.jpg,anger
109.jpg,anger
1090.jpg,happy
1091.jpg,surprise
1092.jpg,disgust
1093.jpg,sad
1094.jpg,anger
1095.jpg,anger
1096.jpg,anger
1097.jpg,happy
1098.jpg,anger
1099.jpg,fear
11.jpg,anger
110.jpg,fear
1100.jpg,anger
1101.jpg,happy
1102.jpg,fear
1103.jpg,fear
1104.jpg,surprise
1105.jpg,surprise
1106.jpg,surprise
1107.jpg,happy
1108.jpg,surprise
1109.jpg,surprise
111.jpg,anger
1110.jpg,surprise
1111.jpg,anger
1112.jpg,anger
1113.jpg,sad
1114.jpg,sad
1115.jpg,surprise
1116.jpg,neutral
1117.jpg,surprise
1118.jpg,sad
1119.jpg,surprise
112.jpg,surprise
1120.jpg,anger
1121.jpg,sad
1122.jpg,surprise
1123.jpg,neutral
1124.jpg,neutral
1125.jpg,anger
1126.jpg,fear
1127.jpg,surprise
1128.jpg,surprise
1129.jpg,happy
113.jpg,neutral
1130.jpg,neutral
1131.jpg,surprise
1132.jpg,fear
1133.jpg,fear
1134.jpg,surprise
1135.jpg,surprise
1136.jpg,neutral
1137.jpg,sad
1138.jpg,surprise
1139.jpg,neutral
114.jpg,happy
1140.jpg,sad
1141.jpg,surprise
1142.jpg,anger
1143.jpg,neutral
1144.jpg,neutral
1145.jpg,neutral
1146.jpg,fear
1147.jpg,sad
1148.jpg,neutral
1149.jpg,fear
115.jpg,sad
1150.jpg,anger
1151.jpg,neutral
1152.jpg,surprise
1153.jpg,anger
1154.jpg,happy
1155.jpg,neutral
1156.jpg,surprise
1157.jpg,surprise
1158.jpg,surprise
1159.jpg,surprise
116.jpg,contempt
1160.jpg,surprise
1161.jpg,sad
1162.jpg,fear
1163.jpg,surprise
1164.jpg,surprise
1165.jpg,surprise
1166.jpg,happy
1167.jpg,fear
1168.jpg,contempt
1169.jpg,neutral
117.jpg,happy
1170.jpg,happy
1171.jpg,neutral
1172.jpg,contempt
1173.jpg,neutral
1174.jpg,surprise
1175.jpg,surprise
1176.jpg,fear
1177.jpg,surprise
1178.jpg,happy
1179.jpg,sad
118.jpg,anger
1180.jpg,surprise
1181.jpg,surprise
1182.jpg,surprise
1183.jpg,happy
1184.jpg,neutral
1185.jpg,neutral
1186.jpg,anger
1187.jpg,neutral
1188.jpg,surprise
1189.jpg,surprise
119.jpg,happy
1190.jpg,happy
1191.jpg,anger
1192.jpg,fear
1193.jpg,anger
1194.jpg,uncertain
1195.jpg,neutral
1196.jpg,sad
1197.jpg,fear
1198.jpg,neutral
1199.jpg,contempt
12.jpg,contempt
120.jpg,anger
1200.jpg,anger
1201.jpg,surprise
1202.jpg,sad
1203.jpg,anger
1204.jpg,sad
1205.jpg,uncertain
1206.jpg,fear
1207.jpg,sad
1208.jpg,anger
1209.jpg,neutral
121.jpg,anger
1210.jpg,sad
1211.jpg,fear
1212.jpg,sad
1213.jpg,surprise
1214.jpg,neutral
1215.jpg,surprise
1216.jpg,anger
1217.jpg,sad
1218.jpg,surprise
1219.jpg,sad
122.jpg,contempt
1220.jpg,sad
1221.jpg,disgust
1222.jpg,sad
1223.jpg,fear
1224.jpg,anger
1225.jpg,happy
1226.jpg,contempt
1227.jpg,sad
1228.jpg,sad
1229.jpg,fear
123.jpg,neutral
1230.jpg,anger
1231.jpg,happy
1232.jpg,anger
1233.jpg,surprise
1234.jpg,anger
1235.jpg,neutral
1236.jpg,surprise
1237.jpg,sad
1238.jpg,happy
1239.jpg,anger
124.jpg,happy
1240.jpg,contempt
1241.jpg,anger
1242.jpg,sad
1243.jpg,fear
1244.jpg,happy
1245.jpg,surprise
1246.jpg,anger
1247.jpg,neutral
1248.jpg,surprise
1249.jpg,surprise
125.jpg,disgust
1250.jpg,neutral
1251.jpg,sad
1252.jpg,surprise
1253.jpg,happy
1254.jpg,surprise
1255.jpg,neutral
1256.jpg,surprise
1257.jpg,anger
1258.jpg,fear
1259.jpg,anger
126.jpg,contempt
1260.jpg,sad
1261.jpg,surprise
1262.jpg,neutral
1263.jpg,fear
1264.jpg,sad
1265.jpg,happy
1266.jpg,fear
1267.jpg,happy
1268.jpg,disgust
1269.jpg,neutral
127.jpg,neutral
1270.jpg,neutral
1271.jpg,sad
1272.jpg,neutral
1273.jpg,happy
1274.jpg,uncertain
1275.jpg,surprise
1276.jpg,neutral
1277.jpg,fear
1278.jpg,neutral
1279.jpg,surprise
128.jpg,sad
1280.jpg,neutral
1281.jpg,surprise
1282.jpg,uncertain
1283.jpg,surprise
1284.jpg,fear
1285.jpg,neutral
1286.jpg,fear
1287.jpg,anger
1288.jpg,surprise
1289.jpg,neutral
129.jpg,anger
1290.jpg,neutral
1291.jpg,surprise
1292.jpg,uncertain
1293.jpg,sad
1294.jpg,surprise
1295.jpg,fear
1296.jpg,anger
1297.jpg,surprise
1298.jpg,neutral
1299.jpg,contempt
13.jpg,surprise
130.jpg,surprise
1300.jpg,neutral
1301.jpg,surprise
1302.jpg,anger
1303.jpg,sad
1304.jpg,surprise
1305.jpg,surprise
1306.jpg,surprise
1307.jpg,sad
1308.jpg,contempt
1309.jpg,contempt
131.jpg,sad
1310.jpg,surprise
1311.jpg,neutral
1312.jpg,surprise
1313.jpg,disgust
1314.jpg,contempt
1315.jpg,surprise
1316.jpg,fear
1317.jpg,neutral
1318.jpg,neutral
1319.jpg,surprise
132.jpg,happy
1320.jpg,sad
1321.jpg,anger
1322.jpg,sad
1323.jpg,neutral
1324.jpg,neutral
1325.jpg,surprise
1326.jpg,anger
1327.jpg,anger
1328.jpg,fear
1329.jpg,surprise
133.jpg,fear
1330.jpg,surprise
1331.jpg,sad
1332.jpg,anger
1333.jpg,happy
1334.jpg,neutral
1335.jpg,sad
1336.jpg,contempt
1337.jpg,surprise
1338.jpg,neutral
1339.jpg,sad
134.jpg,fear
1340.jpg,fear
1341.jpg,happy
1342.jpg,surprise
1343.jpg,anger
1344.jpg,sad
1345.jpg,surprise
1346.jpg,happy
1347.jpg,fear
1348.jpg,neutral
1349.jpg,happy
135.jpg,surprise
1350.jpg,anger
1351.jpg,anger
1352.jpg,sad
1353.jpg,surprise
1354.jpg,neutral
1355.jpg,anger
1356.jpg,anger
1357.jpg,surprise
1358.jpg,anger
1359.jpg,anger
136.jpg,happy
1360.jpg,sad
1361.jpg,neutral
1362.jpg,surprise
1363.jpg,anger
1364.jpg,fear
1365.jpg,anger
1366.jpg,anger
1367.jpg,surprise
1368.jpg,neutral
1369.jpg,anger
137.jpg,sad
1370.jpg,anger
1371.jpg,anger
1372.jpg,neutral
1373.jpg,sad
1374.jpg,anger
1375.jpg,happy
1376.jpg,happy
1377.jpg,fear
1378.jpg,surprise
1379.jpg,fear
138.jpg,surprise
1380.jpg,fear
1381.jpg,anger
1382.jpg,sad
1383.jpg,surprise
1384.jpg,neutral
1385.jpg,neutral
1386.jpg,happy
1387.jpg,uncertain
1388.jpg,fear
1389.jpg,fear
139.jpg,sad
1390.jpg,fear
1391.jpg,anger
1392.jpg,neutral
1393.jpg,surprise
1394.jpg,neutral
1395.jpg,anger
1396.jpg,fear
1397.jpg,surprise
1398.jpg,fear
1399.jpg,happy
14.jpg,neutral
140.jpg,fear
1400.jpg,happy
1401.jpg,anger
1402.jpg,fear
1403.jpg,anger
1404.jpg,sad
1405.jpg,surprise
1406.jpg,fear
1407.jpg,neutral
1408.jpg,anger
1409.jpg,surprise
141.jpg,surprise
1410.jpg,sad
1411.jpg,sad
1412.jpg,neutral
1413.jpg,surprise
1414.jpg,happy
1415.jpg,anger
1416.jpg,surprise
1417.jpg,sad
1418.jpg,sad
1419.jpg,neutral
142.jpg,surprise
1420.jpg,contempt
1421.jpg,fear
1422.jpg,anger
1423.jpg,happy
1424.jpg,neutral
1425.jpg,surprise
1426.jpg,sad
1427.jpg,sad
1428.jpg,happy
1429.jpg,neutral
143.jpg,neutral
1430.jpg,happy
1431.jpg,neutral
1432.jpg,happy
1433.jpg,fear
1434.jpg,neutral
1435.jpg,anger
1436.jpg,happy
1437.jpg,fear
1438.jpg,sad
1439.jpg,contempt
144.jpg,anger
1440.jpg,surprise
1441.jpg,surprise
1442.jpg,fear
1443.jpg,surprise
1444.jpg,happy
1445.jpg,fear
1446.jpg,anger
1447.jpg,surprise
1448.jpg,fear
1449.jpg,anger
145.jpg,sad
1450.jpg,surprise
1451.jpg,fear
1452.jpg,fear
1453.jpg,fear
1454.jpg,surprise
1455.jpg,surprise
1456.jpg,sad
1457.jpg,neutral
1458.jpg,surprise
1459.jpg,happy
146.jpg,surprise
1460.jpg,surprise
1461.jpg,happy
1462.jpg,surprise
1463.jpg,happy
1464.jpg,anger
1465.jpg,neutral
1466.jpg,happy
1467.jpg,surprise
1468.jpg,anger
1469.jpg,happy
147.jpg,sad
1470.jpg,neutral
1471.jpg,neutral
1472.jpg,uncertain
1473.jpg,fear
1474.jpg,sad
1475.jpg,anger
1476.jpg,anger
1477.jpg,surprise
1478.jpg,surprise
1479.jpg,surprise
148.jpg,anger
1480.jpg,anger
1481.jpg,uncertain
1482.jpg,happy
1483.jpg,happy
1484.jpg,anger
1485.jpg,happy
1486.jpg,sad
1487.jpg,surprise
1488.jpg,neutral
1489.jpg,anger
149.jpg,neutral
1490.jpg,neutral
1491.jpg,anger
1492.jpg,fear
1493.jpg,happy
1494.jpg,fear
1495.jpg,anger
1496.jpg,fear
1497.jpg,surprise
1498.jpg,anger
1499.jpg,happy
15.jpg,neutral
150.jpg,surprise
1500.jpg,happy
1501.jpg,happy
1502.jpg,neutral
1503.jpg,anger
1504.jpg,neutral
1505.jpg,surprise
1506.jpg,happy
1507.jpg,surprise
1508.jpg,fear
1509.jpg,fear
151.jpg,fear
1510.jpg,fear
1511.jpg,surprise
1512.jpg,anger
1513.jpg,surprise
1514.jpg,anger
1515.jpg,surprise
1516.jpg,anger
1517.jpg,anger
1518.jpg,neutral
1519.jpg,sad
152.jpg,fear
1520.jpg,surprise
1521.jpg,happy
1522.jpg,anger
1523.jpg,anger
1524.jpg,surprise
1525.jpg,surprise
1526.jpg,uncertain
1527.jpg,neutral
1528.jpg,neutral
1529.jpg,surprise
153.jpg,sad
1530.jpg,happy
1531.jpg,surprise
1532.jpg,anger
1533.jpg,happy
1534.jpg,contempt
1535.jpg,neutral
1536.jpg,happy
1537.jpg,surprise
1538.jpg,sad
1539.jpg,anger
154.jpg,happy
1540.jpg,sad
1541.jpg,anger
1542.jpg,fear
1543.jpg,happy
1544.jpg,neutral
1545.jpg,surprise
1546.jpg,anger
1547.jpg,neutral
1548.jpg,anger
1549.jpg,surprise
155.jpg,anger
1550.jpg,neutral
1551.jpg,neutral
1552.jpg,fear
1553.jpg,anger
1554.jpg,surprise
1555.jpg,neutral
1556.jpg,sad
1557.jpg,sad
1558.jpg,happy
1559.jpg,uncertain
156.jpg,sad
1560.jpg,surprise
1561.jpg,fear
1562.jpg,uncertain
1563.jpg,contempt
1564.jpg,neutral
1565.jpg,happy
1566.jpg,happy
1567.jpg,neutral
1568.jpg,anger
1569.jpg,happy
157.jpg,surprise
1570.jpg,neutral
1571.jpg,neutral
1572.jpg,anger
1573.jpg,neutral
1574.jpg,anger
1575.jpg,surprise
1576.jpg,surprise
1577.jpg,anger
1578.jpg,happy
1579.jpg,fear
158.jpg,surprise
1580.jpg,surprise
1581.jpg,fear
1582.jpg,surprise
1583.jpg,surprise
1584.jpg,neutral
1585.jpg,fear
1586.jpg,anger
1587.jpg,surprise
1588.jpg,surprise
1589.jpg,surprise
159.jpg,neutral
1590.jpg,disgust
1591.jpg,surprise
1592.jpg,surprise
1593.jpg,surprise
1594.jpg,surprise
1595.jpg,fear
1596.jpg,happy
1597.jpg,happy
1598.jpg,happy
1599.jpg,happy
16.jpg,surprise
160.jpg,happy
1600.jpg,surprise
1601.jpg,neutral
1602.jpg,neutral
1603.jpg,anger
1604.jpg,fear
1605.jpg,anger
1606.jpg,fear
1607.jpg,surprise
1608.jpg,sad
1609.jpg,happy
161.jpg,surprise
1610.jpg,anger
1611.jpg,surprise
1612.jpg,sad
1613.jpg,happy
1614.jpg,neutral
1615.jpg,sad
1616.jpg,fear
1617.jpg,anger
1618.jpg,anger
1619.jpg,sad
162.jpg,contempt
1620.jpg,sad
1621.jpg,anger
1622.jpg,happy
1623.jpg,sad
1624.jpg,neutral
1625.jpg,neutral
1626.jpg,anger
1627.jpg,neutral
1628.jpg,sad
1629.jpg,neutral
163.jpg,anger
1630.jpg,neutral
1631.jpg,neutral
1632.jpg,surprise
1633.jpg,surprise
1634.jpg,sad
1635.jpg,neutral
1636.jpg,anger
1637.jpg,surprise
1638.jpg,anger
1639.jpg,anger
164.jpg,anger
1640.jpg,surprise
1641.jpg,surprise
1642.jpg,anger
1643.jpg,happy
1644.jpg,sad
1645.jpg,neutral
1646.jpg,surprise
1647.jpg,surprise
1648.jpg,surprise
1649.jpg,sad
165.jpg,sad
1650.jpg,fear
1651.jpg,surprise
1652.jpg,surprise
1653.jpg,anger
1654.jpg,neutral
1655.jpg,surprise
1656.jpg,neutral
1657.jpg,anger
1658.jpg,neutral
1659.jpg,surprise
166.jpg,neutral
1660.jpg,neutral
1661.jpg,contempt
1662.jpg,fear
1663.jpg,happy
1664.jpg,surprise
1665.jpg,happy
1666.jpg,happy
1667.jpg,contempt
1668.jpg,fear
1669.jpg,neutral
167.jpg,fear
1670.jpg,fear
1671.jpg,happy
1672.jpg,fear
1673.jpg,surprise
1674.jpg,neutral
1675.jpg,fear
1676.jpg,neutral
1677.jpg,fear
1678.jpg,happy
1679.jpg,sad
168.jpg,neutral
1680.jpg,sad
1681.jpg,anger
1682.jpg,sad
1683.jpg,sad
1684.jpg,sad
1685.jpg,surprise
1686.jpg,anger
1687.jpg,anger
1688.jpg,neutral
1689.jpg,sad
169.jpg,happy
1690.jpg,contempt
1691.jpg,surprise
1692.jpg,happy
1693.jpg,sad
1694.jpg,fear
1695.jpg,fear
1696.jpg,happy
1697.jpg,sad
1698.jpg,anger
1699.jpg,surprise
17.jpg,sad
170.jpg,neutral
1700.jpg,happy
1701.jpg,sad
1702.jpg,surprise
1703.jpg,neutral
1704.jpg,surprise
1705.jpg,surprise
1706.jpg,anger
1707.jpg,sad
1708.jpg,sad
1709.jpg,sad
171.jpg,neutral
1710.jpg,fear
1711.jpg,neutral
1712.jpg,neutral
1713.jpg,sad
1714.jpg,happy
1715.jpg,anger
1716.jpg,sad
1717.jpg,surprise
1718.jpg,happy
1719.jpg,surprise
172.jpg,neutral
1720.jpg,neutral
1721.jpg,anger
1722.jpg,surprise
1723.jpg,neutral
1724.jpg,surprise
1725.jpg,fear
1726.jpg,anger
1727.jpg,surprise
1728.jpg,neutral
1729.jpg,surprise
173.jpg,anger
1730.jpg,anger
1731.jpg,surprise
1732.jpg,fear
1733.jpg,contempt
1734.jpg,neutral
1735.jpg,neutral
1736.jpg,fear
1737.jpg,fear
1738.jpg,fear
1739.jpg,fear
174.jpg,anger
1740.jpg,neutral
1741.jpg,contempt
1742.jpg,neutral
1743.jpg,sad
1744.jpg,surprise
1745.jpg,neutral
1746.jpg,anger
1747.jpg,happy
1748.jpg,surprise
1749.jpg,disgust
175.jpg,sad
1750.jpg,surprise
1751.jpg,surprise
1752.jpg,anger
1753.jpg,neutral
1754.jpg,surprise
1755.jpg,happy
1756.jpg,neutral
1757.jpg,sad
1758.jpg,anger
1759.jpg,neutral
176.jpg,neutral
1760.jpg,neutral
1761.jpg,surprise
1762.jpg,fear
1763.jpg,happy
1764.jpg,surprise
1765.jpg,surprise
1766.jpg,surprise
1767.jpg,neutral
1768.jpg,surprise
1769.jpg,happy
177.jpg,fear
1770.jpg,surprise
1771.jpg,neutral
1772.jpg,surprise
1773.jpg,neutral
1774.jpg,surprise
1775.jpg,sad
1776.jpg,disgust
1777.jpg,surprise
1778.jpg,fear
1779.jpg,neutral
178.jpg,anger
1780.jpg,uncertain
1781.jpg,neutral
1782.jpg,fear
1783.jpg,neutral
1784.jpg,happy
1785.jpg,anger
1786.jpg,fear
1787.jpg,anger
1788.jpg,sad
1789.jpg,happy
179.jpg,fear
1790.jpg,neutral
1791.jpg,disgust
1792.jpg,uncertain
1793.jpg,surprise
1794.jpg,happy
1795.jpg,sad
1796.jpg,fear
1797.jpg,anger
1798.jpg,sad
1799.jpg,happy
18.jpg,fear
180.jpg,surprise
1800.jpg,anger
1801.jpg,neutral
1802.jpg,anger
1803.jpg,anger
1804.jpg,neutral
1805.jpg,anger
1806.jpg,sad
1807.jpg,happy
1808.jpg,surprise
1809.jpg,anger
181.jpg,surprise
1810.jpg,fear
1811.jpg,uncertain
1812.jpg,sad
1813.jpg,surprise
1814.jpg,fear
1815.jpg,happy
1816.jpg,surprise
1817.jpg,surprise
1818.jpg,happy
1819.jpg,surprise
182.jpg,happy
1820.jpg,anger
1821.jpg,surprise
1822.jpg,neutral
1823.jpg,anger
1824.jpg,anger
1825.jpg,anger
1826.jpg,anger
1827.jpg,surprise
1828.jpg,contempt
1829.jpg,surprise
183.jpg,anger
1830.jpg,neutral
1831.jpg,fear
1832.jpg,neutral
1833.jpg,anger
1834.jpg,happy
1835.jpg,fear
1836.jpg,surprise
1837.jpg,fear
1838.jpg,happy
1839.jpg,surprise
184.jpg,surprise
1840.jpg,neutral
1841.jpg,anger
1842.jpg,surprise
1843.jpg,fear
1844.jpg,happy
1845.jpg,neutral
1846.jpg,surprise
1847.jpg,surprise
1848.jpg,neutral
1849.jpg,fear
185.jpg,sad
1850.jpg,fear
1851.jpg,anger
1852.jpg,sad
1853.jpg,surprise
1854.jpg,sad
1855.jpg,sad
1856.jpg,fear
1857.jpg,sad
1858.jpg,happy
1859.jpg,fear
186.jpg,surprise
1860.jpg,surprise
1861.jpg,neutral
1862.jpg,anger
1863.jpg,uncertain
1864.jpg,fear
1865.jpg,surprise
1866.jpg,happy
1867.jpg,anger
1868.jpg,surprise
1869.jpg,surprise
187.jpg,surprise
1870.jpg,contempt
1871.jpg,sad
1872.jpg,neutral
1873.jpg,fear
1874.jpg,anger
1875.jpg,surprise
1876.jpg,anger
1877.jpg,anger
1878.jpg,sad
1879.jpg,surprise
188.jpg,anger
1880.jpg,uncertain
1881.jpg,fear
1882.jpg,surprise
1883.jpg,fear
1884.jpg,surprise
1885.jpg,neutral
1886.jpg,fear
1887.jpg,surprise
1888.jpg,anger
1889.jpg,surprise
189.jpg,contempt
1890.jpg,happy
1891.jpg,disgust
1892.jpg,fear
1893.jpg,happy
1894.jpg,anger
1895.jpg,happy
1896.jpg,contempt
1897.jpg,neutral
1898.jpg,neutral
1899.jpg,sad
19.jpg,disgust
190.jpg,neutral
1900.jpg,surprise
1901.jpg,anger
1902.jpg,anger
1903.jpg,anger
1904.jpg,fear
1905.jpg,fear
1906.jpg,anger
1907.jpg,neutral
1908.jpg,surprise
1909.jpg,fear
191.jpg,surprise
1910.jpg,anger
1911.jpg,happy
1912.jpg,surprise
1913.jpg,surprise
1914.jpg,surprise
1915.jpg,happy
1916.jpg,anger
1917.jpg,sad
1918.jpg,anger
1919.jpg,anger
192.jpg,surprise
1920.jpg,neutral
1921.jpg,surprise
1922.jpg,sad
1923.jpg,fear
1924.jpg,sad
1925.jpg,contempt
1926.jpg,anger
1927.jpg,anger
1928.jpg,fear
1929.jpg,anger
193.jpg,surprise
1930.jpg,sad
1931.jpg,surprise
1932.jpg,surprise
1933.jpg,surprise
1934.jpg,sad
1935.jpg,neutral
1936.jpg,neutral
1937.jpg,contempt
1938.jpg,fear
1939.jpg,neutral
194.jpg,happy
1940.jpg,anger
1941.jpg,fear
1942.jpg,neutral
1943.jpg,neutral
1944.jpg,contempt
1945.jpg,surprise
1946.jpg,neutral
1947.jpg,happy
1948.jpg,happy
1949.jpg,neutral
195.jpg,disgust
1950.jpg,contempt
1951.jpg,happy
1952.jpg,fear
1953.jpg,fear
1954.jpg,surprise
1955.jpg,sad
1956.jpg,happy
1957.jpg,surprise
1958.jpg,surprise
1959.jpg,surprise
196.jpg,neutral
1960.jpg,surprise
1961.jpg,anger
1962.jpg,anger
1963.jpg,surprise
1964.jpg,anger
1965.jpg,sad
1966.jpg,anger
1967.jpg,surprise
1968.jpg,surprise
1969.jpg,surprise
197.jpg,uncertain
1970.jpg,sad
1971.jpg,surprise
1972.jpg,neutral
1973.jpg,surprise
1974.jpg,contempt
1975.jpg,anger
1976.jpg,anger
1977.jpg,neutral
1978.jpg,happy
1979.jpg,surprise
198.jpg,surprise
1980.jpg,surprise
1981.jpg,happy
1982.jpg,happy
1983.jpg,surprise
1984.jpg,neutral
1985.jpg,sad
1986.jpg,neutral
1987.jpg,anger
1988.jpg,anger
1989.jpg,happy
199.jpg,surprise
1990.jpg,neutral
1991.jpg,surprise
1992.jpg,sad
1993.jpg,fear
1994.jpg,anger
1995.jpg,anger
1996.jpg,happy
1997.jpg,fear
1998.jpg,fear
1999.jpg,sad
2.jpg,fear
20.jpg,happy
200.jpg,surprise
2000.jpg,sad
2001.jpg,disgust
2002.jpg,neutral
2003.jpg,neutral
2004.jpg,anger
2005.jpg,neutral
2006.jpg,surprise
2007.jpg,contempt
2008.jpg,happy
2009.jpg,sad
201.jpg,sad
2010.jpg,anger
2011.jpg,contempt
2012.jpg,happy
2013.jpg,sad
2014.jpg,surprise
2015.jpg,anger
2016.jpg,anger
2017.jpg,neutral
2018.jpg,anger
2019.jpg,neutral
202.jpg,neutral
2020.jpg,anger
2021.jpg,surprise
2022.jpg,surprise
2023.jpg,sad
2024.jpg,surprise
2025.jpg,anger
2026.jpg,uncertain
2027.jpg,anger
2028.jpg,sad
2029.jpg,surprise
203.jpg,sad
2030.jpg,sad
2031.jpg,neutral
2032.jpg,surprise
2033.jpg,sad
2034.jpg,sad
2035.jpg,happy
2036.jpg,surprise
2037.jpg,fear
2038.jpg,neutral
2039.jpg,fear
204.jpg,surprise
2040.jpg,surprise
2041.jpg,surprise
2042.jpg,happy
2043.jpg,surprise
2044.jpg,neutral
2045.jpg,happy
2046.jpg,anger
2047.jpg,happy
2048.jpg,anger
2049.jpg,neutral
205.jpg,happy
2050.jpg,fear
2051.jpg,contempt
2052.jpg,fear
2053.jpg,anger
2054.jpg,fear
2055.jpg,neutral
2056.jpg,neutral
2057.jpg,surprise
2058.jpg,fear
2059.jpg,sad
206.jpg,happy
2060.jpg,anger
2061.jpg,neutral
2062.jpg,fear
2063.jpg,neutral
2064.jpg,sad
2065.jpg,fear
2066.jpg,happy
2067.jpg,sad
2068.jpg,anger
2069.jpg,anger
207.jpg,happy
2070.jpg,fear
2071.jpg,neutral
2072.jpg,neutral
2073.jpg,fear
2074.jpg,happy
2075.jpg,anger
2076.jpg,surprise
2077.jpg,happy
2078.jpg,anger
2079.jpg,neutral
208.jpg,surprise
2080.jpg,sad
2081.jpg,fear
2082.jpg,sad
2083.jpg,happy
2084.jpg,anger
2085.jpg,sad
2086.jpg,fear
2087.jpg,sad
2088.jpg,happy
2089.jpg,anger
209.jpg,neutral
2090.jpg,neutral
2091.jpg,happy
2092.jpg,neutral
2093.jpg,neutral
2094.jpg,surprise
2095.jpg,happy
2096.jpg,contempt
2097.jpg,surprise
2098.jpg,anger
2099.jpg,neutral
21.jpg,neutral
210.jpg,anger
2100.jpg,sad
2101.jpg,surprise
2102.jpg,fear
2103.jpg,fear
2104.jpg,anger
2105.jpg,surprise
2106.jpg,fear
2107.jpg,surprise
2108.jpg,neutral
2109.jpg,fear
211.jpg,contempt
2110.jpg,fear
2111.jpg,happy
2112.jpg,anger
2113.jpg,surprise
2114.jpg,neutral
2115.jpg,anger
2116.jpg,surprise
2117.jpg,neutral
2118.jpg,anger
2119.jpg,contempt
212.jpg,fear
2120.jpg,surprise
2121.jpg,fear
2122.jpg,sad
2123.jpg,surprise
2124.jpg,neutral
2125.jpg,neutral
2126.jpg,neutral
2127.jpg,anger
2128.jpg,surprise
2129.jpg,happy
213.jpg,neutral
2130.jpg,sad
2131.jpg,anger
2132.jpg,surprise
2133.jpg,anger
2134.jpg,sad
2135.jpg,neutral
2136.jpg,surprise
2137.jpg,surprise
2138.jpg,disgust
2139.jpg,neutral
214.jpg,surprise
2140.jpg,sad
2141.jpg,sad
2142.jpg,anger
2143.jpg,sad
2144.jpg,fear
2145.jpg,fear
2146.jpg,fear
2147.jpg,surprise
2148.jpg,happy
2149.jpg,anger
215.jpg,neutral
2150.jpg,sad
2151.jpg,neutral
2152.jpg,fear
2153.jpg,sad
2154.jpg,fear
2155.jpg,fear
2156.jpg,surprise
2157.jpg,sad
2158.jpg,surprise
2159.jpg,neutral
216.jpg,happy
2160.jpg,neutral
2161.jpg,anger
2162.jpg,happy
2163.jpg,neutral
2164.jpg,happy
2165.jpg,anger
2166.jpg,sad
2167.jpg,surprise
2168.jpg,uncertain
2169.jpg,neutral
217.jpg,surprise
2170.jpg,sad
2171.jpg,contempt
2172.jpg,anger
2173.jpg,happy
2174.jpg,fear
2175.jpg,happy
2176.jpg,fear
2177.jpg,anger
2178.jpg,anger
2179.jpg,contempt
218.jpg,sad
2180.jpg,surprise
2181.jpg,anger
2182.jpg,fear
2183.jpg,happy
2184.jpg,anger
2185.jpg,surprise
2186.jpg,anger
2187.jpg,uncertain
2188.jpg,sad
2189.jpg,anger
219.jpg,anger
2190.jpg,anger
2191.jpg,fear
2192.jpg,fear
2193.jpg,happy
2194.jpg,surprise
2195.jpg,contempt
2196.jpg,neutral
2197.jpg,neutral
2198.jpg,neutral
2199.jpg,surprise
22.jpg,anger
220.jpg,fear
2200.jpg,surprise
2201.jpg,fear
2202.jpg,sad
2203.jpg,fear
2204.jpg,contempt
2205.jpg,neutral
2206.jpg,neutral
2207.jpg,anger
2208.jpg,sad
2209.jpg,sad
221.jpg,contempt
2210.jpg,anger
2211.jpg,sad
2212.jpg,anger
2213.jpg,surprise
2214.jpg,neutral
2215.jpg,surprise
2216.jpg,surprise
2217.jpg,surprise
2218.jpg,fear
2219.jpg,anger
222.jpg,neutral
2220.jpg,anger
2221.jpg,neutral
2222.jpg,sad
2223.jpg,anger
2224.jpg,neutral
2225.jpg,anger
2226.jpg,anger
2227.jpg,happy
2228.jpg,surprise
2229.jpg,anger
223.jpg,sad
2230.jpg,happy
2231.jpg,anger
2232.jpg,anger
2233.jpg,happy
2234.jpg,surprise
2235.jpg,neutral
2236.jpg,fear
2237.jpg,anger
2238.jpg,fear
2239.jpg,anger
224.jpg,fear
2240.jpg,neutral
2241.jpg,neutral
2242.jpg,anger
2243.jpg,happy
2244.jpg,sad
2245.jpg,neutral
2246.jpg,sad
2247.jpg,neutral
2248.jpg,happy
2249.jpg,surprise
225.jpg,sad
2250.jpg,neutral
2251.jpg,surprise
2252.jpg,contempt
2253.jpg,happy
2254.jpg,anger
2255.jpg,contempt
2256.jpg,neutral
2257.jpg,happy
2258.jpg,fear
2259.jpg,surprise
226.jpg,neutral
2260.jpg,anger
2261.jpg,surprise
2262.jpg,surprise
2263.jpg,neutral
2264.jpg,sad
2265.jpg,sad
2266.jpg,fear
2267.jpg,anger
2268.jpg,neutral
2269.jpg,anger
227.jpg,neutral
2270.jpg,fear
2271.jpg,happy
2272.jpg,neutral
2273.jpg,fear
2274.jpg,fear
2275.jpg,uncertain
2276.jpg,anger
2277.jpg,fear
2278.jpg,anger
2279.jpg,happy
228.jpg,anger
2280.jpg,contempt
2281.jpg,disgust
2282.jpg,anger
2283.jpg,neutral
2284.jpg,fear
2285.jpg,neutral
2286.jpg,anger
2287.jpg,anger
2288.jpg,neutral
2289.jpg,happy
229.jpg,surprise
2290.jpg,anger
2291.jpg,fear
2292.jpg,neutral
2293.jpg,sad
2294.jpg,sad
2295.jpg,surprise
2296.jpg,fear
2297.jpg,neutral
2298.jpg,neutral
2299.jpg,surprise
23.jpg,anger
230.jpg,neutral
2300.jpg,surprise
2301.jpg,surprise
2302.jpg,surprise
2303.jpg,surprise
2304.jpg,surprise
2305.jpg,happy
2306.jpg,neutral
2307.jpg,surprise
2308.jpg,anger
2309.jpg,surprise
231.jpg,surprise
2310.jpg,surprise
2311.jpg,sad
2312.jpg,contempt
2313.jpg,surprise
2314.jpg,surprise
2315.jpg,surprise
2316.jpg,uncertain
2317.jpg,surprise
2318.jpg,anger
2319.jpg,neutral
232.jpg,anger
2320.jpg,happy
2321.jpg,happy
2322.jpg,happy
2323.jpg,anger
2324.jpg,fear
2325.jpg,sad
2326.jpg,uncertain
2327.jpg,happy
2328.jpg,surprise
2329.jpg,disgust
233.jpg,neutral
2330.jpg,surprise
2331.jpg,neutral
2332.jpg,neutral
2333.jpg,anger
2334.jpg,happy
2335.jpg,surprise
2336.jpg,surprise
2337.jpg,neutral
2338.jpg,fear
2339.jpg,surprise
234.jpg,anger
2340.jpg,neutral
2341.jpg,contempt
2342.jpg,disgust
2343.jpg,fear
2344.jpg,neutral
2345.jpg,fear
2346.jpg,neutral
2347.jpg,fear
2348.jpg,surprise
2349.jpg,surprise
235.jpg,anger
2350.jpg,neutral
2351.jpg,fear
2352.jpg,surprise
2353.jpg,anger
2354.jpg,fear
2355.jpg,sad
2356.jpg,surprise
2357.jpg,surprise
2358.jpg,neutral
2359.jpg,neutral
236.jpg,fear
2360.jpg,anger
2361.jpg,surprise
2362.jpg,happy
2363.jpg,sad
2364.jpg,sad
2365.jpg,happy
2366.jpg,disgust
2367.jpg,surprise
2368.jpg,sad
2369.jpg,anger
237.jpg,anger
2370.jpg,anger
2371.jpg,anger
2372.jpg,surprise
2373.jpg,fear
2374.jpg,happy
2375.jpg,surprise
2376.jpg,anger
2377.jpg,neutral
2378.jpg,happy
2379.jpg,sad
238.jpg,neutral
2380.jpg,sad
2381.jpg,uncertain
2382.jpg,sad
2383.jpg,anger
2384.jpg,neutral
2385.jpg,contempt
2386.jpg,anger
2387.jpg,anger
2388.jpg,neutral
2389.jpg,happy
239.jpg,anger
2390.jpg,neutral
2391.jpg,neutral
2392.jpg,contempt
2393.jpg,sad
2394.jpg,surprise
2395.jpg,anger
2396.jpg,anger
2397.jpg,surprise
2398.jpg,happy
2399.jpg,neutral
24.jpg,disgust
240.jpg,anger
2400.jpg,contempt
2401.jpg,surprise
2402.jpg,happy
2403.jpg,fear
2404.jpg,anger
2405.jpg,neutral
2406.jpg,surprise
2407.jpg,fear
2408.jpg,neutral
2409.jpg,happy
241.jpg,anger
2410.jpg,surprise
2411.jpg,surprise
2412.jpg,surprise
2413.jpg,happy
2414.jpg,sad
2415.jpg,fear
2416.jpg,happy
2417.jpg,surprise
2418.jpg,anger
2419.jpg,surprise
242.jpg,surprise
2420.jpg,sad
2421.jpg,neutral
2422.jpg,happy
2423.jpg,fear
2424.jpg,sad
2425.jpg,fear
2426.jpg,happy
2427.jpg,anger
2428.jpg,surprise
2429.jpg,neutral
243.jpg,surprise
2430.jpg,anger
2431.jpg,contempt
2432.jpg,anger
2433.jpg,contempt
2434.jpg,anger
2435.jpg,surprise
2436.jpg,happy
2437.jpg,anger
2438.jpg,disgust
2439.jpg,sad
244.jpg,sad
2440.jpg,fear
2441.jpg,surprise
2442.jpg,fear
2443.jpg,sad
2444.jpg,sad
2445.jpg,neutral
2446.jpg,contempt
2447.jpg,sad
2448.jpg,surprise
2449.jpg,surprise
245.jpg,surprise
2450.jpg,surprise
2451.jpg,sad
2452.jpg,anger
2453.jpg,neutral
2454.jpg,anger
2455.jpg,anger
2456.jpg,surprise
2457.jpg,anger
2458.jpg,anger
2459.jpg,anger
246.jpg,happy
2460.jpg,surprise
2461.jpg,happy
2462.jpg,neutral
2463.jpg,happy
2464.jpg,anger
2465.jpg,neutral
2466.jpg,happy
2467.jpg,sad
2468.jpg,surprise
2469.jpg,surprise
247.jpg,fear
2470.jpg,surprise
2471.jpg,contempt
2472.jpg,neutral
2473.jpg,sad
2474.jpg,sad
2475.jpg,anger
2476.jpg,uncertain
2477.jpg,sad
2478.jpg,neutral
2479.jpg,fear
248.jpg,surprise
2480.jpg,surprise
2481.jpg,anger
2482.jpg,sad
2483.jpg,happy
2484.jpg,anger
2485.jpg,surprise
2486.jpg,happy
2487.jpg,sad
2488.jpg,happy
2489.jpg,contempt
249.jpg,neutral
2490.jpg,anger
2491.jpg,anger
2492.jpg,neutral
2493.jpg,sad
2494.jpg,neutral
2495.jpg,happy
2496.jpg,neutral
2497.jpg,surprise
2498.jpg,surprise
2499.jpg,sad
25.jpg,fear
250.jpg,neutral
2500.jpg,fear
2501.jpg,happy
2502.jpg,sad
2503.jpg,surprise
2504.jpg,neutral
2505.jpg,anger
2506.jpg,happy
2507.jpg,anger
2508.jpg,uncertain
2509.jpg,neutral
251.jpg,surprise
2510.jpg,happy
2511.jpg,surprise
2512.jpg,surprise
2513.jpg,sad
2514.jpg,contempt
2515.jpg,surprise
2516.jpg,surprise
2517.jpg,neutral
2518.jpg,neutral
2519.jpg,neutral
252.jpg,fear
2520.jpg,happy
2521.jpg,surprise
2522.jpg,anger
2523.jpg,happy
2524.jpg,fear
2525.jpg,surprise
2526.jpg,surprise
2527.jpg,neutral
2528.jpg,disgust
2529.jpg,anger
253.jpg,fear
2530.jpg,sad
2531.jpg,surprise
2532.jpg,anger
2533.jpg,neutral
2534.jpg,fear
2535.jpg,fear
2536.jpg,anger
2537.jpg,neutral
2538.jpg,surprise
2539.jpg,fear
254.jpg,happy
2540.jpg,sad
2541.jpg,surprise
2542.jpg,neutral
2543.jpg,happy
2544.jpg,anger
2545.jpg,contempt
2546.jpg,neutral
2547.jpg,surprise
2548.jpg,surprise
2549.jpg,surprise
255.jpg,happy
2550.jpg,fear
2551.jpg,neutral
2552.jpg,neutral
2553.jpg,neutral
2554.jpg,happy
2555.jpg,uncertain
2556.jpg,neutral
2557.jpg,neutral
2558.jpg,surprise
2559.jpg,happy
256.jpg,sad
2560.jpg,surprise
2561.jpg,fear
2562.jpg,surprise
2563.jpg,contempt
2564.jpg,happy
2565.jpg,surprise
2566.jpg,anger
2567.jpg,neutral
2568.jpg,surprise
2569.jpg,neutral
257.jpg,happy
2570.jpg,surprise
2571.jpg,anger
2572.jpg,happy
2573.jpg,surprise
2574.jpg,anger
2575.jpg,fear
2576.jpg,surprise
2577.jpg,surprise
2578.jpg,fear
2579.jpg,sad
258.jpg,anger
2580.jpg,fear
2581.jpg,uncertain
2582.jpg,fear
2583.jpg,anger
2584.jpg,sad
2585.jpg,uncertain
2586.jpg,happy
2587.jpg,anger
2588.jpg,surprise
2589.jpg,fear
259.jpg,anger
2590.jpg,fear
2591.jpg,anger
2592.jpg,surprise
2593.jpg,neutral
2594.jpg,anger
2595.jpg,surprise
2596.jpg,surprise
2597.jpg,neutral
2598.jpg,surprise
2599.jpg,sad
26.jpg,surprise
260.jpg,fear
2600.jpg,happy
2601.jpg,happy
2602.jpg,fear
2603.jpg,surprise
2604.jpg,anger
2605.jpg,neutral
2606.jpg,neutral
2607.jpg,neutral
2608.jpg,neutral
2609.jpg,surprise
261.jpg,contempt
2610.jpg,anger
2611.jpg,anger
2612.jpg,sad
2613.jpg,sad
2614.jpg,fear
2615.jpg,fear
2616.jpg,anger
2617.jpg,happy
2618.jpg,fear
2619.jpg,fear
262.jpg,anger
2620.jpg,happy
2621.jpg,surprise
2622.jpg,neutral
2623.jpg,sad
2624.jpg,anger
2625.jpg,surprise
2626.jpg,neutral
2627.jpg,sad
2628.jpg,contempt
2629.jpg,fear
263.jpg,surprise
2630.jpg,surprise
2631.jpg,neutral
2632.jpg,fear
2633.jpg,surprise
2634.jpg,neutral
2635.jpg,contempt
2636.jpg,anger
2637.jpg,happy
2638.jpg,sad
2639.jpg,neutral
264.jpg,surprise
2640.jpg,surprise
2641.jpg,anger
2642.jpg,neutral
2643.jpg,neutral
2644.jpg,happy
2645.jpg,neutral
2646.jpg,sad
2647.jpg,fear
2648.jpg,fear
2649.jpg,surprise
265.jpg,fear
2650.jpg,surprise
2651.jpg,surprise
2652.jpg,happy
2653.jpg,neutral
2654.jpg,surprise
2655.jpg,happy
2656.jpg,neutral
2657.jpg,surprise
2658.jpg,neutral
2659.jpg,neutral
266.jpg,neutral
2660.jpg,surprise
2661.jpg,sad
2662.jpg,happy
2663.jpg,anger
2664.jpg,surprise
2665.jpg,surprise
2666.jpg,surprise
2667.jpg,anger
2668.jpg,anger
2669.jpg,anger
267.jpg,surprise
2670.jpg,neutral
2671.jpg,happy
2672.jpg,sad
2673.jpg,fear
2674.jpg,neutral
2675.jpg,neutral
2676.jpg,surprise
2677.jpg,anger
2678.jpg,happy
2679.jpg,neutral
268.jpg,surprise
2680.jpg,uncertain
2681.jpg,sad
2682.jpg,sad
2683.jpg,sad
2684.jpg,anger
2685.jpg,fear
2686.jpg,surprise
2687.jpg,sad
2688.jpg,sad
2689.jpg,surprise
269.jpg,surprise
2690.jpg,neutral
2691.jpg,anger
2692.jpg,uncertain
2693.jpg,happy
2694.jpg,surprise
2695.jpg,fear
2696.jpg,sad
2697.jpg,neutral
2698.jpg,happy
2699.jpg,anger
27.jpg,neutral
270.jpg,anger
2700.jpg,neutral
2701.jpg,neutral
2702.jpg,sad
2703.jpg,sad
2704.jpg,contempt
2705.jpg,fear
2706.jpg,surprise
2707.jpg,anger
2708.jpg,anger
2709.jpg,sad
271.jpg,sad
2710.jpg,fear
2711.jpg,surprise
2712.jpg,anger
2713.jpg,neutral
2714.jpg,surprise
2715.jpg,surprise
2716.jpg,fear
2717.jpg,anger
2718.jpg,neutral
2719.jpg,fear
272.jpg,fear
2720.jpg,sad
2721.jpg,sad
2722.jpg,neutral
2723.jpg,surprise
2724.jpg,neutral
2725.jpg,happy
2726.jpg,anger
2727.jpg,surprise
2728.jpg,fear
2729.jpg,surprise
273.jpg,anger
2730.jpg,sad
2731.jpg,anger
2732.jpg,neutral
2733.jpg,surprise
2734.jpg,surprise
2735.jpg,surprise
2736.jpg,fear
2737.jpg,fear
2738.jpg,surprise
2739.jpg,anger
274.jpg,happy
2740.jpg,neutral
2741.jpg,surprise
2742.jpg,sad
2743.jpg,surprise
2744.jpg,sad
2745.jpg,anger
2746.jpg,contempt
2747.jpg,neutral
2748.jpg,anger
2749.jpg,neutral
275.jpg,fear
2750.jpg,fear
2751.jpg,neutral
2752.jpg,fear
2753.jpg,happy
2754.jpg,contempt
2755.jpg,anger
2756.jpg,fear
2757.jpg,anger
2758.jpg,happy
2759.jpg,fear
276.jpg,surprise
2760.jpg,surprise
2761.jpg,neutral
2762.jpg,anger
2763.jpg,surprise
2764.jpg,neutral
2765.jpg,fear
2766.jpg,neutral
2767.jpg,surprise
2768.jpg,happy
2769.jpg,neutral
277.jpg,neutral
2770.jpg,neutral
2771.jpg,sad
2772.jpg,fear
2773.jpg,fear
2774.jpg,happy
2775.jpg,happy
2776.jpg,anger
2777.jpg,uncertain
2778.jpg,anger
2779.jpg,happy
278.jpg,sad
2780.jpg,fear
2781.jpg,neutral
2782.jpg,fear
2783.jpg,sad
2784.jpg,surprise
2785.jpg,fear
2786.jpg,happy
2787.jpg,sad
2788.jpg,fear
2789.jpg,neutral
279.jpg,fear
2790.jpg,surprise
2791.jpg,fear
2792.jpg,neutral
2793.jpg,fear
2794.jpg,surprise
2795.jpg,sad
2796.jpg,neutral
2797.jpg,disgust
2798.jpg,uncertain
2799.jpg,sad
28.jpg,neutral
280.jpg,surprise
2800.jpg,happy
2801.jpg,sad
2802.jpg,fear
2803.jpg,happy
2804.jpg,surprise
2805.jpg,anger
2806.jpg,anger
2807.jpg,disgust
2808.jpg,fear
2809.jpg,neutral
281.jpg,anger
2810.jpg,sad
2811.jpg,surprise
2812.jpg,sad
2813.jpg,uncertain
2814.jpg,surprise
2815.jpg,contempt
2816.jpg,neutral
2817.jpg,contempt
2818.jpg,fear
2819.jpg,sad
282.jpg,neutral
2820.jpg,happy
2821.jpg,sad
2822.jpg,surprise
2823.jpg,sad
2824.jpg,anger
2825.jpg,sad
2826.jpg,disgust
2827.jpg,surprise
2828.jpg,sad
2829.jpg,anger
283.jpg,surprise
2830.jpg,neutral
2831.jpg,anger
2832.jpg,sad
2833.jpg,surprise
2834.jpg,surprise
2835.jpg,surprise
2836.jpg,surprise
2837.jpg,anger
2838.jpg,anger
2839.jpg,fear
284.jpg,surprise
2840.jpg,neutral
2841.jpg,surprise
2842.jpg,neutral
2843.jpg,fear
2844.jpg,surprise
2845.jpg,neutral
2846.jpg,neutral
2847.jpg,contempt
2848.jpg,surprise
2849.jpg,surprise
285.jpg,surprise
2850.jpg,neutral
2851.jpg,contempt
2852.jpg,contempt
2853.jpg,sad
2854.jpg,sad
2855.jpg,neutral
2856.jpg,neutral
2857.jpg,fear
2858.jpg,fear
2859.jpg,anger
286.jpg,sad
2860.jpg,neutral
2861.jpg,neutral
2862.jpg,surprise
2863.jpg,sad
2864.jpg,neutral
2865.jpg,sad
2866.jpg,surprise
2867.jpg,surprise
2868.jpg,anger
2869.jpg,surprise
287.jpg,neutral
2870.jpg,neutral
2871.jpg,sad
2872.jpg,surprise
2873.jpg,fear
2874.jpg,surprise
2875.jpg,fear
2876.jpg,surprise
2877.jpg,happy
2878.jpg,anger
2879.jpg,sad
288.jpg,happy
2880.jpg,anger
2881.jpg,surprise
2882.jpg,neutral
2883.jpg,happy
2884.jpg,surprise
2885.jpg,anger
2886.jpg,anger
2887.jpg,happy
2888.jpg,neutral
2889.jpg,neutral
289.jpg,anger
2890.jpg,fear
2891.jpg,anger
2892.jpg,surprise
2893.jpg,surprise
2894.jpg,sad
2895.jpg,fear
2896.jpg,surprise
2897.jpg,disgust
2898.jpg,surprise
2899.jpg,fear
29.jpg,anger
290.jpg,anger
2900.jpg,surprise
2901.jpg,anger
2902.jpg,neutral
2903.jpg,fear
2904.jpg,sad
2905.jpg,sad
2906.jpg,contempt
2907.jpg,neutral
2908.jpg,anger
2909.jpg,sad
291.jpg,neutral
2910.jpg,neutral
2911.jpg,neutral
2912.jpg,anger
2913.jpg,contempt
2914.jpg,contempt
2915.jpg,fear
2916.jpg,surprise
2917.jpg,fear
2918.jpg,fear
2919.jpg,surprise
292.jpg,contempt
2920.jpg,neutral
2921.jpg,anger
2922.jpg,sad
2923.jpg,neutral
2924.jpg,sad
2925.jpg,contempt
2926.jpg,happy
2927.jpg,neutral
2928.jpg,anger
2929.jpg,sad
293.jpg,happy
2930.jpg,anger
2931.jpg,surprise
2932.jpg,anger
2933.jpg,surprise
2934.jpg,anger
2935.jpg,neutral
2936.jpg,neutral
2937.jpg,anger
2938.jpg,anger
2939.jpg,neutral
294.jpg,surprise
2940.jpg,happy
2941.jpg,neutral
2942.jpg,neutral
2943.jpg,fear
2944.jpg,sad
2945.jpg,happy
2946.jpg,anger
2947.jpg,anger
2948.jpg,neutral
2949.jpg,sad
295.jpg,anger
2950.jpg,happy
2951.jpg,happy
2952.jpg,neutral
2953.jpg,surprise
2954.jpg,surprise
2955.jpg,anger
2956.jpg,fear
2957.jpg,sad
2958.jpg,anger
2959.jpg,sad
296.jpg,happy
2960.jpg,neutral
2961.jpg,fear
2962.jpg,sad
2963.jpg,sad
2964.jpg,surprise
2965.jpg,anger
2966.jpg,happy
2967.jpg,anger
2968.jpg,fear
2969.jpg,surprise
297.jpg,neutral
2970.jpg,neutral
2971.jpg,happy
2972.jpg,fear
2973.jpg,anger
2974.jpg,neutral
2975.jpg,fear
2976.jpg,anger
2977.jpg,sad
2978.jpg,sad
2979.jpg,surprise
298.jpg,surprise
2980.jpg,surprise
2981.jpg,sad
2982.jpg,anger
2983.jpg,anger
2984.jpg,fear
2985.jpg,surprise
2986.jpg,anger
2987.jpg,neutral
2988.jpg,happy
2989.jpg,anger
299.jpg,disgust
2990.jpg,anger
2991.jpg,fear
2992.jpg,happy
2993.jpg,disgust
2994.jpg,neutral
2995.jpg,happy
2996.jpg,anger
2997.jpg,fear
2998.jpg,surprise
2999.jpg,neutral
3.jpg,anger
30.jpg,neutral
300.jpg,fear
3000.jpg,happy
3001.jpg,neutral
3002.jpg,sad
3003.jpg,surprise
3004.jpg,neutral
3005.jpg,surprise
3006.jpg,anger
3007.jpg,surprise
3008.jpg,surprise
3009.jpg,anger
301.jpg,fear
3010.jpg,fear
3011.jpg,disgust
3012.jpg,fear
3013.jpg,neutral
3014.jpg,anger
3015.jpg,happy
3016.jpg,surprise
3017.jpg,surprise
3018.jpg,sad
3019.jpg,happy
302.jpg,anger
3020.jpg,neutral
3021.jpg,neutral
3022.jpg,fear
3023.jpg,fear
3024.jpg,anger
3025.jpg,fear
3026.jpg,neutral
3027.jpg,surprise
3028.jpg,surprise
3029.jpg,surprise
303.jpg,surprise
3030.jpg,anger
3031.jpg,neutral
3032.jpg,anger
3033.jpg,anger
3034.jpg,uncertain
3035.jpg,happy
3036.jpg,uncertain
3037.jpg,anger
3038.jpg,anger
3039.jpg,surprise
304.jpg,surprise
3040.jpg,anger
3041.jpg,happy
3042.jpg,anger
3043.jpg,happy
3044.jpg,happy
3045.jpg,anger
3046.jpg,uncertain
3047.jpg,surprise
3048.jpg,neutral
3049.jpg,neutral
305.jpg,surprise
3050.jpg,surprise
3051.jpg,anger
3052.jpg,anger
3053.jpg,surprise
3054.jpg,surprise
3055.jpg,fear
3056.jpg,anger
3057.jpg,neutral
3058.jpg,contempt
3059.jpg,anger
306.jpg,surprise
3060.jpg,surprise
3061.jpg,sad
3062.jpg,sad
3063.jpg,anger
3064.jpg,neutral
3065.jpg,fear
3066.jpg,fear
3067.jpg,surprise
3068.jpg,happy
3069.jpg,surprise
307.jpg,neutral
3070.jpg,surprise
3071.jpg,happy
3072.jpg,happy
3073.jpg,happy
3074.jpg,anger
3075.jpg,happy
3076.jpg,anger
3077.jpg,happy
3078.jpg,uncertain
3079.jpg,anger
308.jpg,sad
3080.jpg,surprise
3081.jpg,sad
3082.jpg,neutral
3083.jpg,neutral
3084.jpg,neutral
3085.jpg,sad
3086.jpg,neutral
3087.jpg,surprise
3088.jpg,neutral
3089.jpg,surprise
309.jpg,happy
3090.jpg,fear
3091.jpg,happy
3092.jpg,surprise
3093.jpg,fear
3094.jpg,happy
3095.jpg,anger
3096.jpg,happy
3097.jpg,surprise
3098.jpg,surprise
3099.jpg,uncertain
31.jpg,surprise
310.jpg,sad
3100.jpg,anger
3101.jpg,fear
3102.jpg,neutral
3103.jpg,surprise
3104.jpg,neutral
3105.jpg,anger
3106.jpg,neutral
3107.jpg,surprise
3108.jpg,neutral
3109.jpg,contempt
311.jpg,neutral
3110.jpg,surprise
3111.jpg,contempt
3112.jpg,anger
3113.jpg,fear
3114.jpg,sad
3115.jpg,surprise
3116.jpg,anger
3117.jpg,happy
3118.jpg,neutral
3119.jpg,surprise
312.jpg,happy
3120.jpg,happy
3121.jpg,happy
3122.jpg,neutral
3123.jpg,happy
3124.jpg,fear
3125.jpg,surprise
3126.jpg,happy
3127.jpg,surprise
3128.jpg,anger
3129.jpg,anger
313.jpg,fear
3130.jpg,sad
3131.jpg,fear
3132.jpg,happy
3133.jpg,uncertain
3134.jpg,happy
3135.jpg,surprise
3136.jpg,happy
3137.jpg,anger
3138.jpg,surprise
3139.jpg,neutral
314.jpg,fear
3140.jpg,fear
3141.jpg,anger
3142.jpg,surprise
3143.jpg,anger
3144.jpg,sad
3145.jpg,sad
3146.jpg,neutral
3147.jpg,sad
3148.jpg,surprise
3149.jpg,surprise
315.jpg,neutral
3150.jpg,fear
3151.jpg,anger
3152.jpg,surprise
3153.jpg,sad
3154.jpg,anger
3155.jpg,neutral
3156.jpg,surprise
3157.jpg,surprise
3158.jpg,neutral
3159.jpg,sad
316.jpg,neutral
3160.jpg,uncertain
3161.jpg,happy
3162.jpg,neutral
3163.jpg,sad
3164.jpg,anger
3165.jpg,happy
3166.jpg,surprise
3167.jpg,happy
3168.jpg,anger
3169.jpg,fear
317.jpg,surprise
3170.jpg,uncertain
3171.jpg,neutral
3172.jpg,neutral
3173.jpg,anger
3174.jpg,anger
3175.jpg,surprise
3176.jpg,happy
3177.jpg,anger
3178.jpg,anger
3179.jpg,neutral
318.jpg,anger
3180.jpg,surprise
3181.jpg,surprise
3182.jpg,sad
3183.jpg,happy
3184.jpg,anger
3185.jpg,anger
3186.jpg,surprise
3187.jpg,anger
3188.jpg,surprise
3189.jpg,anger
319.jpg,surprise
3190.jpg,happy
3191.jpg,anger
3192.jpg,happy
3193.jpg,happy
3194.jpg,contempt
3195.jpg,contempt
3196.jpg,surprise
3197.jpg,anger
3198.jpg,sad
3199.jpg,anger
32.jpg,neutral
320.jpg,neutral
3200.jpg,anger
3201.jpg,surprise
3202.jpg,surprise
3203.jpg,neutral
3204.jpg,neutral
3205.jpg,contempt
3206.jpg,surprise
3207.jpg,neutral
3208.jpg,anger
3209.jpg,sad
321.jpg,surprise
3210.jpg,anger
3211.jpg,anger
3212.jpg,sad
3213.jpg,sad
3214.jpg,surprise
3215.jpg,neutral
3216.jpg,neutral
3217.jpg,anger
3218.jpg,fear
3219.jpg,happy
322.jpg,happy
3220.jpg,surprise
3221.jpg,neutral
3222.jpg,surprise
3223.jpg,surprise
3224.jpg,happy
3225.jpg,neutral
3226.jpg,surprise
3227.jpg,sad
3228.jpg,anger
3229.jpg,neutral
323.jpg,neutral
3230.jpg,happy
3231.jpg,sad
3232.jpg,fear
3233.jpg,sad
3234.jpg,surprise
3235.jpg,anger
3236.jpg,anger
3237.jpg,anger
3238.jpg,surprise
3239.jpg,surprise
324.jpg,surprise
3240.jpg,anger
3241.jpg,neutral
3242.jpg,happy
3243.jpg,neutral
3244.jpg,neutral
3245.jpg,neutral
3246.jpg,happy
3247.jpg,sad
3248.jpg,anger
3249.jpg,contempt
325.jpg,happy
3250.jpg,sad
3251.jpg,happy
3252.jpg,neutral
3253.jpg,sad
3254.jpg,neutral
3255.jpg,neutral
3256.jpg,contempt
3257.jpg,surprise
3258.jpg,surprise
3259.jpg,happy
326.jpg,happy
3260.jpg,surprise
3261.jpg,sad
3262.jpg,surprise
3263.jpg,happy
3264.jpg,contempt
3265.jpg,fear
3266.jpg,neutral
3267.jpg,uncertain
3268.jpg,uncertain
3269.jpg,surprise
327.jpg,sad
3270.jpg,neutral
3271.jpg,fear
3272.jpg,sad
3273.jpg,surprise
3274.jpg,anger
3275.jpg,surprise
3276.jpg,fear
3277.jpg,surprise
3278.jpg,anger
3279.jpg,surprise
328.jpg,surprise
3280.jpg,fear
3281.jpg,surprise
3282.jpg,contempt
3283.jpg,surprise
3284.jpg,neutral
3285.jpg,sad
3286.jpg,surprise
3287.jpg,fear
3288.jpg,anger
3289.jpg,neutral
329.jpg,surprise
3290.jpg,surprise
3291.jpg,neutral
3292.jpg,surprise
3293.jpg,happy
3294.jpg,anger
3295.jpg,anger
3296.jpg,fear
3297.jpg,surprise
3298.jpg,anger
3299.jpg,anger
33.jpg,fear
330.jpg,surprise
3300.jpg,fear
3301.jpg,neutral
3302.jpg,happy
3303.jpg,anger
3304.jpg,contempt
3305.jpg,contempt
3306.jpg,neutral
3307.jpg,uncertain
3308.jpg,sad
3309.jpg,sad
331.jpg,anger
3310.jpg,fear
3311.jpg,happy
3312.jpg,neutral
3313.jpg,surprise
3314.jpg,happy
3315.jpg,neutral
3316.jpg,sad
3317.jpg,neutral
3318.jpg,surprise
3319.jpg,neutral
332.jpg,surprise
3320.jpg,sad
3321.jpg,surprise
3322.jpg,surprise
3323.jpg,happy
3324.jpg,sad
3325.jpg,anger
3326.jpg,surprise
3327.jpg,neutral
3328.jpg,surprise
3329.jpg,fear
333.jpg,anger
3330.jpg,surprise
3331.jpg,surprise
3332.jpg,anger
3333.jpg,neutral
3334.jpg,surprise
3335.jpg,neutral
3336.jpg,anger
3337.jpg,sad
3338.jpg,neutral
3339.jpg,surprise
334.jpg,anger
3340.jpg,fear
3341.jpg,fear
3342.jpg,contempt
3343.jpg,neutral
3344.jpg,surprise
3345.jpg,happy
3346.jpg,uncertain
3347.jpg,happy
3348.jpg,sad
3349.jpg,surprise
335.jpg,anger
3350.jpg,sad
3351.jpg,sad
3352.jpg,surprise
3353.jpg,surprise
3354.jpg,neutral
3355.jpg,neutral
3356.jpg,anger
3357.jpg,anger
3358.jpg,happy
3359.jpg,anger
336.jpg,happy
3360.jpg,neutral
3361.jpg,neutral
3362.jpg,surprise
3363.jpg,surprise
3364.jpg,surprise
3365.jpg,sad
3366.jpg,neutral
3367.jpg,fear
3368.jpg,sad
3369.jpg,surprise
337.jpg,neutral
3370.jpg,surprise
3371.jpg,anger
3372.jpg,surprise
3373.jpg,neutral
3374.jpg,anger
3375.jpg,neutral
3376.jpg,neutral
3377.jpg,surprise
3378.jpg,anger
3379.jpg,surprise
338.jpg,surprise
3380.jpg,anger
3381.jpg,fear
3382.jpg,happy
3383.jpg,fear
3384.jpg,surprise
3385.jpg,anger
3386.jpg,anger
3387.jpg,neutral
3388.jpg,surprise
3389.jpg,fear
339.jpg,surprise
3390.jpg,fear
3391.jpg,happy
3392.jpg,sad
3393.jpg,neutral
3394.jpg,neutral
3395.jpg,sad
3396.jpg,contempt
3397.jpg,neutral
3398.jpg,anger
3399.jpg,anger
34.jpg,neutral
340.jpg,surprise
3400.jpg,surprise
3401.jpg,anger
3402.jpg,anger
3403.jpg,sad
3404.jpg,sad
3405.jpg,happy
3406.jpg,sad
3407.jpg,fear
3408.jpg,anger
3409.jpg,surprise
341.jpg,sad
3410.jpg,neutral
3411.jpg,contempt
3412.jpg,happy
3413.jpg,sad
3414.jpg,sad
3415.jpg,happy
3416.jpg,surprise
3417.jpg,sad
3418.jpg,anger
3419.jpg,anger
342.jpg,anger
3420.jpg,fear
3421.jpg,surprise
3422.jpg,disgust
3423.jpg,anger
3424.jpg,surprise
3425.jpg,uncertain
3426.jpg,anger
3427.jpg,happy
3428.jpg,anger
3429.jpg,fear
343.jpg,contempt
3430.jpg,surprise
3431.jpg,surprise
3432.jpg,surprise
3433.jpg,anger
3434.jpg,sad
3435.jpg,contempt
3436.jpg,fear
3437.jpg,contempt
3438.jpg,neutral
3439.jpg,happy
344.jpg,sad
3440.jpg,neutral
3441.jpg,contempt
3442.jpg,surprise
3443.jpg,neutral
3444.jpg,neutral
3445.jpg,anger
3446.jpg,contempt
3447.jpg,surprise
3448.jpg,surprise
3449.jpg,surprise
345.jpg,neutral
3450.jpg,surprise
3451.jpg,surprise
3452.jpg,anger
3453.jpg,surprise
3454.jpg,sad
3455.jpg,fear
3456.jpg,happy
3457.jpg,neutral
3458.jpg,sad
3459.jpg,happy
346.jpg,surprise
3460.jpg,happy
3461.jpg,surprise
3462.jpg,anger
3463.jpg,contempt
3464.jpg,neutral
3465.jpg,neutral
3466.jpg,fear
3467.jpg,fear
3468.jpg,neutral
3469.jpg,anger
347.jpg,neutral
3470.jpg,surprise
3471.jpg,fear
3472.jpg,neutral
3473.jpg,surprise
3474.jpg,sad
3475.jpg,surprise
3476.jpg,anger
3477.jpg,fear
3478.jpg,anger
3479.jpg,surprise
348.jpg,happy
3480.jpg,surprise
3481.jpg,neutral
3482.jpg,fear
3483.jpg,neutral
3484.jpg,neutral
3485.jpg,happy
3486.jpg,happy
3487.jpg,surprise
3488.jpg,sad
3489.jpg,happy
349.jpg,happy
3490.jpg,surprise
3491.jpg,neutral
3492.jpg,fear
3493.jpg,neutral
3494.jpg,surprise
3495.jpg,happy
3496.jpg,happy
3497.jpg,surprise
3498.jpg,neutral
3499.jpg,surprise
35.jpg,neutral
350.jpg,surprise
3500.jpg,surprise
3501.jpg,happy
3502.jpg,happy
3503.jpg,disgust
3504.jpg,happy
3505.jpg,anger
3506.jpg,happy
3507.jpg,surprise
3508.jpg,neutral
3509.jpg,neutral
351.jpg,surprise
3510.jpg,anger
3511.jpg,neutral
3512.jpg,sad
3513.jpg,sad
3514.jpg,anger
3515.jpg,sad
3516.jpg,contempt
3517.jpg,neutral
3518.jpg,disgust
3519.jpg,disgust
352.jpg,neutral
3520.jpg,happy
3521.jpg,anger
3522.jpg,contempt
3523.jpg,sad
3524.jpg,surprise
3525.jpg,surprise
3526.jpg,surprise
3527.jpg,fear
3528.jpg,neutral
3529.jpg,surprise
353.jpg,anger
3530.jpg,anger
3531.jpg,fear
3532.jpg,surprise
3533.jpg,neutral
3534.jpg,sad
3535.jpg,anger
3536.jpg,sad
3537.jpg,surprise
3538.jpg,surprise
3539.jpg,sad
354.jpg,fear
3540.jpg,surprise
3541.jpg,surprise
3542.jpg,sad
3543.jpg,disgust
3544.jpg,fear
3545.jpg,happy
3546.jpg,anger
3547.jpg,surprise
3548.jpg,anger
3549.jpg,happy
355.jpg,anger
3550.jpg,neutral
3551.jpg,surprise
3552.jpg,neutral
3553.jpg,anger
3554.jpg,surprise
3555.jpg,neutral
3556.jpg,fear
3557.jpg,contempt
3558.jpg,neutral
3559.jpg,surprise
356.jpg,sad
3560.jpg,neutral
3561.jpg,sad
3562.jpg,fear
3563.jpg,fear
3564.jpg,surprise
3565.jpg,surprise
3566.jpg,fear
3567.jpg,fear
3568.jpg,anger
3569.jpg,surprise
357.jpg,contempt
3570.jpg,surprise
3571.jpg,anger
3572.jpg,surprise
3573.jpg,happy
3574.jpg,surprise
3575.jpg,neutral
3576.jpg,fear
3577.jpg,surprise
3578.jpg,neutral
3579.jpg,happy
358.jpg,disgust
3580.jpg,neutral
3581.jpg,sad
3582.jpg,neutral
3583.jpg,sad
3584.jpg,anger
3585.jpg,surprise
3586.jpg,contempt
3587.jpg,surprise
3588.jpg,surprise
3589.jpg,neutral
359.jpg,happy
3590.jpg,happy
3591.jpg,fear
3592.jpg,surprise
3593.jpg,happy
3594.jpg,happy
3595.jpg,anger
3596.jpg,anger
3597.jpg,sad
3598.jpg,anger
3599.jpg,neutral
36.jpg,neutral
360.jpg,anger
3600.jpg,sad
3601.jpg,anger
3602.jpg,fear
3603.jpg,surprise
3604.jpg,fear
3605.jpg,neutral
3606.jpg,surprise
3607.jpg,surprise
3608.jpg,happy
3609.jpg,sad
361.jpg,surprise
3610.jpg,contempt
3611.jpg,neutral
3612.jpg,neutral
3613.jpg,fear
3614.jpg,sad
3615.jpg,surprise
3616.jpg,anger
3617.jpg,neutral
3618.jpg,surprise
3619.jpg,anger
362.jpg,neutral
3620.jpg,anger
3621.jpg,anger
3622.jpg,sad
3623.jpg,neutral
3624.jpg,neutral
3625.jpg,happy
3626.jpg,sad
3627.jpg,happy
3628.jpg,neutral
3629.jpg,fear
363.jpg,happy
3630.jpg,anger
3631.jpg,neutral
3632.jpg,anger
3633.jpg,anger
3634.jpg,neutral
3635.jpg,neutral
3636.jpg,anger
3637.jpg,fear
3638.jpg,sad
3639.jpg,anger
364.jpg,anger
3640.jpg,anger
3641.jpg,contempt
3642.jpg,anger
3643.jpg,disgust
3644.jpg,anger
3645.jpg,happy
3646.jpg,happy
3647.jpg,surprise
3648.jpg,happy
3649.jpg,happy
365.jpg,neutral
3650.jpg,happy
3651.jpg,contempt
3652.jpg,sad
3653.jpg,surprise
3654.jpg,surprise
3655.jpg,fear
3656.jpg,contempt
3657.jpg,anger
3658.jpg,neutral
3659.jpg,anger
366.jpg,neutral
3660.jpg,surprise
3661.jpg,happy
3662.jpg,anger
3663.jpg,sad
3664.jpg,neutral
3665.jpg,anger
3666.jpg,sad
3667.jpg,anger
3668.jpg,surprise
3669.jpg,sad
367.jpg,anger
3670.jpg,surprise
3671.jpg,uncertain
3672.jpg,happy
3673.jpg,neutral
3674.jpg,surprise
3675.jpg,neutral
3676.jpg,neutral
3677.jpg,sad
3678.jpg,happy
3679.jpg,anger
368.jpg,anger
3680.jpg,surprise
3681.jpg,anger
3682.jpg,anger
3683.jpg,neutral
3684.jpg,surprise
3685.jpg,neutral
3686.jpg,anger
3687.jpg,anger
3688.jpg,happy
3689.jpg,surprise
369.jpg,sad
3690.jpg,anger
3691.jpg,surprise
3692.jpg,sad
3693.jpg,fear
3694.jpg,neutral
3695.jpg,anger
3696.jpg,surprise
3697.jpg,surprise
3698.jpg,anger
3699.jpg,neutral
37.jpg,surprise
370.jpg,surprise
3700.jpg,anger
3701.jpg,happy
3702.jpg,surprise
3703.jpg,contempt
3704.jpg,neutral
3705.jpg,contempt
3706.jpg,anger
3707.jpg,happy
3708.jpg,sad
3709.jpg,sad
371.jpg,sad
3710.jpg,uncertain
3711.jpg,anger
3712.jpg,surprise
3713.jpg,anger
3714.jpg,sad
3715.jpg,sad
3716.jpg,surprise
3717.jpg,neutral
3718.jpg,fear
3719.jpg,fear
372.jpg,disgust
3720.jpg,neutral
3721.jpg,anger
3722.jpg,anger
3723.jpg,surprise
3724.jpg,sad
3725.jpg,sad
3726.jpg,sad
3727.jpg,fear
3728.jpg,anger
3729.jpg,neutral
373.jpg,happy
3730.jpg,anger
3731.jpg,uncertain
3732.jpg,fear
3733.jpg,neutral
3734.jpg,anger
3735.jpg,surprise
3736.jpg,sad
3737.jpg,contempt
3738.jpg,surprise
3739.jpg,fear
374.jpg,happy
3740.jpg,fear
3741.jpg,surprise
3742.jpg,sad
3743.jpg,anger
3744.jpg,anger
3745.jpg,fear
3746.jpg,anger
3747.jpg,sad
3748.jpg,fear
3749.jpg,sad
375.jpg,surprise
3750.jpg,neutral
3751.jpg,surprise
3752.jpg,neutral
3753.jpg,anger
3754.jpg,neutral
3755.jpg,surprise
3756.jpg,happy
3757.jpg,neutral
3758.jpg,neutral
3759.jpg,anger
376.jpg,neutral
3760.jpg,sad
3761.jpg,fear
3762.jpg,neutral
3763.jpg,surprise
3764.jpg,surprise
3765.jpg,neutral
3766.jpg,anger
3767.jpg,surprise
3768.jpg,surprise
3769.jpg,fear
377.jpg,neutral
3770.jpg,happy
3771.jpg,anger
3772.jpg,anger
3773.jpg,anger
3774.jpg,neutral
3775.jpg,anger
3776.jpg,surprise
3777.jpg,neutral
3778.jpg,neutral
3779.jpg,surprise
378.jpg,neutral
3780.jpg,anger
3781.jpg,anger
3782.jpg,happy
3783.jpg,anger
3784.jpg,surprise
3785.jpg,surprise
3786.jpg,happy
3787.jpg,surprise
3788.jpg,neutral
3789.jpg,sad
379.jpg,surprise
3790.jpg,fear
3791.jpg,uncertain
3792.jpg,surprise
3793.jpg,neutral
3794.jpg,sad
3795.jpg,neutral
3796.jpg,anger
3797.jpg,fear
3798.jpg,fear
3799.jpg,anger
38.jpg,surprise
380.jpg,surprise
3800.jpg,contempt
3801.jpg,anger
3802.jpg,sad
3803.jpg,surprise
3804.jpg,fear
3805.jpg,disgust
3806.jpg,happy
3807.jpg,anger
3808.jpg,happy
3809.jpg,happy
381.jpg,neutral
3810.jpg,neutral
3811.jpg,neutral
3812.jpg,anger
3813.jpg,happy
3814.jpg,contempt
3815.jpg,anger
3816.jpg,anger
3817.jpg,fear
3818.jpg,surprise
3819.jpg,anger
382.jpg,anger
3820.jpg,anger
3821.jpg,surprise
3822.jpg,sad
3823.jpg,surprise
3824.jpg,happy
3825.jpg,sad
3826.jpg,neutral
3827.jpg,surprise
3828.jpg,anger
3829.jpg,surprise
383.jpg,happy
3830.jpg,anger
3831.jpg,surprise
3832.jpg,sad
3833.jpg,neutral
3834.jpg,fear
3835.jpg,fear
3836.jpg,neutral
3837.jpg,anger
3838.jpg,neutral
3839.jpg,happy
384.jpg,anger
3840.jpg,fear
3841.jpg,anger
3842.jpg,sad
3843.jpg,anger
3844.jpg,anger
3845.jpg,fear
3846.jpg,sad
3847.jpg,surprise
3848.jpg,fear
3849.jpg,sad
385.jpg,sad
3850.jpg,fear
3851.jpg,anger
3852.jpg,fear
3853.jpg,neutral
3854.jpg,sad
3855.jpg,surprise
3856.jpg,anger
3857.jpg,surprise
3858.jpg,sad
3859.jpg,anger
386.jpg,sad
3860.jpg,anger
3861.jpg,happy
3862.jpg,happy
3863.jpg,neutral
3864.jpg,neutral
3865.jpg,anger
3866.jpg,fear
3867.jpg,sad
3868.jpg,contempt
3869.jpg,sad
387.jpg,surprise
3870.jpg,happy
3871.jpg,anger
3872.jpg,surprise
3873.jpg,happy
3874.jpg,fear
3875.jpg,sad
3876.jpg,anger
3877.jpg,surprise
3878.jpg,sad
3879.jpg,sad
388.jpg,fear
3880.jpg,surprise
3881.jpg,anger
3882.jpg,anger
3883.jpg,anger
3884.jpg,neutral
3885.jpg,surprise
3886.jpg,anger
3887.jpg,anger
3888.jpg,happy
3889.jpg,neutral
389.jpg,surprise
3890.jpg,surprise
3891.jpg,contempt
3892.jpg,anger
3893.jpg,sad
3894.jpg,fear
3895.jpg,anger
3896.jpg,neutral
3897.jpg,neutral
3898.jpg,sad
3899.jpg,sad
39.jpg,neutral
390.jpg,neutral
3900.jpg,neutral
3901.jpg,happy
3902.jpg,neutral
3903.jpg,happy
3904.jpg,surprise
3905.jpg,anger
3906.jpg,sad
3907.jpg,anger
3908.jpg,anger
3909.jpg,neutral
391.jpg,disgust
3910.jpg,happy
3911.jpg,surprise
3912.jpg,fear
3913.jpg,happy
3914.jpg,neutral
3915.jpg,anger
3916.jpg,uncertain
3917.jpg,sad
3918.jpg,neutral
3919.jpg,neutral
392.jpg,sad
3920.jpg,anger
3921.jpg,surprise
3922.jpg,neutral
3923.jpg,surprise
3924.jpg,neutral
3925.jpg,fear
3926.jpg,anger
3927.jpg,anger
3928.jpg,sad
3929.jpg,anger
393.jpg,fear
3930.jpg,surprise
3931.jpg,sad
3932.jpg,neutral
3933.jpg,anger
3934.jpg,surprise
3935.jpg,surprise
3936.jpg,neutral
3937.jpg,anger
3938.jpg,happy
3939.jpg,happy
394.jpg,anger
3940.jpg,contempt
3941.jpg,surprise
3942.jpg,neutral
3943.jpg,surprise
3944.jpg,neutral
3945.jpg,fear
3946.jpg,neutral
3947.jpg,fear
3948.jpg,anger
3949.jpg,anger
395.jpg,neutral
3950.jpg,surprise
3951.jpg,anger
3952.jpg,anger
3953.jpg,sad
3954.jpg,anger
3955.jpg,anger
3956.jpg,surprise
3957.jpg,neutral
3958.jpg,surprise
3959.jpg,surprise
396.jpg,fear
3960.jpg,anger
3961.jpg,sad
3962.jpg,happy
3963.jpg,surprise
3964.jpg,happy
3965.jpg,surprise
3966.jpg,anger
3967.jpg,surprise
3968.jpg,anger
3969.jpg,anger
397.jpg,fear
3970.jpg,uncertain
3971.jpg,happy
3972.jpg,contempt
3973.jpg,happy
3974.jpg,anger
3975.jpg,neutral
3976.jpg,happy
3977.jpg,neutral
3978.jpg,fear
3979.jpg,anger
398.jpg,fear
3980.jpg,anger
3981.jpg,surprise
3982.jpg,neutral
3983.jpg,surprise
3984.jpg,fear
3985.jpg,sad
3986.jpg,surprise
3987.jpg,contempt
3988.jpg,surprise
3989.jpg,happy
399.jpg,neutral
3990.jpg,contempt
3991.jpg,neutral
3992.jpg,fear
3993.jpg,anger
3994.jpg,neutral
3995.jpg,sad
3996.jpg,happy
3997.jpg,fear
3998.jpg,anger
3999.jpg,neutral
4.jpg,contempt
40.jpg,neutral
400.jpg,disgust
4000.jpg,surprise
4001.jpg,sad
4002.jpg,contempt
4003.jpg,sad
4004.jpg,neutral
4005.jpg,sad
4006.jpg,anger
4007.jpg,neutral
4008.jpg,sad
4009.jpg,fear
401.jpg,fear
4010.jpg,contempt
4011.jpg,anger
4012.jpg,sad
4013.jpg,surprise
4014.jpg,sad
4015.jpg,happy
4016.jpg,sad
4017.jpg,anger
4018.jpg,anger
4019.jpg,sad
402.jpg,neutral
4020.jpg,happy
4021.jpg,sad
4022.jpg,happy
4023.jpg,neutral
4024.jpg,contempt
4025.jpg,happy
4026.jpg,neutral
4027.jpg,surprise
4028.jpg,happy
4029.jpg,contempt
403.jpg,sad
4030.jpg,neutral
4031.jpg,fear
4032.jpg,anger
4033.jpg,surprise
4034.jpg,surprise
4035.jpg,fear
4036.jpg,sad
4037.jpg,surprise
4038.jpg,neutral
4039.jpg,anger
404.jpg,surprise
4040.jpg,happy
4041.jpg,neutral
4042.jpg,anger
4043.jpg,fear
4044.jpg,neutral
4045.jpg,sad
4046.jpg,happy
4047.jpg,sad
4048.jpg,fear
4049.jpg,surprise
405.jpg,happy
4050.jpg,happy
4051.jpg,neutral
4052.jpg,anger
4053.jpg,neutral
4054.jpg,neutral
4055.jpg,neutral
4056.jpg,happy
4057.jpg,neutral
4058.jpg,neutral
4059.jpg,anger
406.jpg,happy
4060.jpg,neutral
4061.jpg,surprise
4062.jpg,contempt
4063.jpg,anger
4064.jpg,surprise
4065.jpg,surprise
4066.jpg,sad
4067.jpg,contempt
4068.jpg,happy
4069.jpg,surprise
407.jpg,sad
4070.jpg,sad
4071.jpg,fear
4072.jpg,sad
4073.jpg,disgust
4074.jpg,surprise
4075.jpg,neutral
4076.jpg,surprise
4077.jpg,neutral
4078.jpg,anger
4079.jpg,surprise
408.jpg,anger
4080.jpg,neutral
4081.jpg,surprise
4082.jpg,anger
4083.jpg,happy
4084.jpg,anger
4085.jpg,surprise
4086.jpg,neutral
4087.jpg,neutral
4088.jpg,surprise
4089.jpg,happy
409.jpg,anger
4090.jpg,neutral
4091.jpg,anger
4092.jpg,sad
4093.jpg,disgust
4094.jpg,sad
4095.jpg,sad
4096.jpg,surprise
4097.jpg,sad
4098.jpg,happy
4099.jpg,fear
41.jpg,fear
410.jpg,anger
4100.jpg,surprise
4101.jpg,contempt
4102.jpg,anger
4103.jpg,surprise
4104.jpg,sad
4105.jpg,sad
4106.jpg,anger
4107.jpg,anger
4108.jpg,surprise
4109.jpg,sad
411.jpg,sad
4110.jpg,surprise
4111.jpg,sad
4112.jpg,surprise
4113.jpg,anger
4114.jpg,sad
4115.jpg,sad
4116.jpg,anger
4117.jpg,surprise
4118.jpg,neutral
4119.jpg,sad
412.jpg,uncertain
4120.jpg,surprise
4121.jpg,neutral
4122.jpg,surprise
4123.jpg,surprise
4124.jpg,surprise
4125.jpg,anger
4126.jpg,surprise
4127.jpg,surprise
4128.jpg,contempt
4129.jpg,surprise
413.jpg,anger
4130.jpg,happy
4131.jpg,anger
4132.jpg,happy
4133.jpg,anger
4134.jpg,sad
4135.jpg,anger
4136.jpg,neutral
4137.jpg,fear
4138.jpg,contempt
4139.jpg,anger
414.jpg,anger
4140.jpg,happy
4141.jpg,fear
4142.jpg,surprise
4143.jpg,anger
4144.jpg,neutral
4145.jpg,neutral
4146.jpg,anger
4147.jpg,neutral
4148.jpg,anger
4149.jpg,happy
415.jpg,surprise
4150.jpg,anger
4151.jpg,neutral
4152.jpg,happy
4153.jpg,fear
4154.jpg,anger
4155.jpg,happy
4156.jpg,happy
4157.jpg,anger
4158.jpg,neutral
4159.jpg,surprise
416.jpg,sad
4160.jpg,neutral
4161.jpg,happy
4162.jpg,neutral
4163.jpg,surprise
4164.jpg,surprise
4165.jpg,sad
4166.jpg,fear
4167.jpg,disgust
4168.jpg,neutral
4169.jpg,happy
417.jpg,fear
4170.jpg,surprise
4171.jpg,anger
4172.jpg,surprise
4173.jpg,happy
4174.jpg,anger
4175.jpg,contempt
4176.jpg,surprise
4177.jpg,sad
4178.jpg,anger
4179.jpg,happy
418.jpg,anger
4180.jpg,neutral
4181.jpg,neutral
4182.jpg,happy
4183.jpg,neutral
4184.jpg,sad
4185.jpg,disgust
4186.jpg,uncertain
4187.jpg,contempt
4188.jpg,contempt
4189.jpg,happy
419.jpg,neutral
4190.jpg,fear
4191.jpg,anger
4192.jpg,disgust
4193.jpg,anger
4194.jpg,anger
4195.jpg,uncertain
4196.jpg,anger
4197.jpg,contempt
4198.jpg,neutral
4199.jpg,happy
42.jpg,neutral
420.jpg,neutral
4200.jpg,neutral
4201.jpg,sad
4202.jpg,neutral
4203.jpg,anger
4204.jpg,neutral
4205.jpg,sad
4206.jpg,anger
4207.jpg,happy
4208.jpg,surprise
4209.jpg,surprise
421.jpg,neutral
4210.jpg,surprise
4211.jpg,sad
4212.jpg,anger
4213.jpg,sad
4214.jpg,sad
4215.jpg,surprise
4216.jpg,surprise
4217.jpg,happy
4218.jpg,surprise
4219.jpg,surprise
422.jpg,happy
4220.jpg,anger
4221.jpg,fear
4222.jpg,anger
4223.jpg,fear
4224.jpg,anger
4225.jpg,happy
4226.jpg,happy
4227.jpg,sad
4228.jpg,anger
4229.jpg,surprise
423.jpg,fear
4230.jpg,happy
4231.jpg,neutral
4232.jpg,fear
4233.jpg,happy
4234.jpg,happy
4235.jpg,contempt
4236.jpg,fear
4237.jpg,surprise
4238.jpg,fear
4239.jpg,surprise
424.jpg,happy
4240.jpg,contempt
4241.jpg,neutral
4242.jpg,disgust
4243.jpg,anger
4244.jpg,neutral
4245.jpg,neutral
4246.jpg,neutral
4247.jpg,neutral
4248.jpg,anger
4249.jpg,anger
425.jpg,fear
4250.jpg,surprise
4251.jpg,anger
4252.jpg,anger
4253.jpg,contempt
4254.jpg,surprise
4255.jpg,disgust
4256.jpg,neutral
4257.jpg,anger
4258.jpg,anger
4259.jpg,anger
426.jpg,anger
4260.jpg,anger
4261.jpg,happy
4262.jpg,anger
4263.jpg,happy
4264.jpg,anger
4265.jpg,surprise
4266.jpg,sad
4267.jpg,happy
4268.jpg,surprise
4269.jpg,surprise
427.jpg,anger
4270.jpg,neutral
4271.jpg,sad
4272.jpg,surprise
4273.jpg,neutral
4274.jpg,happy
4275.jpg,happy
4276.jpg,sad
4277.jpg,fear
4278.jpg,neutral
4279.jpg,neutral
428.jpg,neutral
4280.jpg,neutral
4281.jpg,surprise
4282.jpg,fear
4283.jpg,anger
4284.jpg,happy
4285.jpg,anger
4286.jpg,surprise
4287.jpg,sad
4288.jpg,anger
4289.jpg,fear
429.jpg,neutral
4290.jpg,sad
4291.jpg,sad
4292.jpg,surprise
4293.jpg,anger
4294.jpg,happy
4295.jpg,fear
4296.jpg,anger
4297.jpg,happy
4298.jpg,neutral
4299.jpg,surprise
43.jpg,anger
430.jpg,happy
4300.jpg,neutral
4301.jpg,neutral
4302.jpg,fear
4303.jpg,contempt
4304.jpg,fear
4305.jpg,anger
4306.jpg,sad
4307.jpg,happy
4308.jpg,surprise
4309.jpg,anger
431.jpg,surprise
4310.jpg,anger
4311.jpg,anger
4312.jpg,anger
4313.jpg,neutral
4314.jpg,neutral
4315.jpg,happy
4316.jpg,anger
4317.jpg,happy
4318.jpg,neutral
4319.jpg,fear
432.jpg,contempt
4320.jpg,anger
4321.jpg,happy
4322.jpg,happy
4323.jpg,neutral
4324.jpg,contempt
4325.jpg,surprise
4326.jpg,sad
4327.jpg,happy
4328.jpg,anger
4329.jpg,surprise
433.jpg,neutral
4330.jpg,neutral
4331.jpg,happy
4332.jpg,happy
4333.jpg,anger
4334.jpg,surprise
4335.jpg,anger
4336.jpg,surprise
4337.jpg,happy
4338.jpg,surprise
4339.jpg,anger
434.jpg,happy
4340.jpg,fear
4341.jpg,anger
4342.jpg,happy
4343.jpg,neutral
4344.jpg,contempt
4345.jpg,happy
4346.jpg,uncertain
4347.jpg,surprise
4348.jpg,anger
4349.jpg,surprise
435.jpg,fear
4350.jpg,surprise
4351.jpg,neutral
4352.jpg,neutral
4353.jpg,neutral
4354.jpg,anger
4355.jpg,sad
4356.jpg,fear
4357.jpg,anger
4358.jpg,happy
4359.jpg,happy
436.jpg,fear
4360.jpg,sad
4361.jpg,surprise
4362.jpg,surprise
4363.jpg,surprise
4364.jpg,fear
4365.jpg,happy
4366.jpg,surprise
4367.jpg,neutral
4368.jpg,anger
4369.jpg,happy
437.jpg,fear
4370.jpg,surprise
4371.jpg,surprise
4372.jpg,anger
4373.jpg,surprise
4374.jpg,sad
4375.jpg,sad
4376.jpg,happy
4377.jpg,neutral
4378.jpg,anger
4379.jpg,anger
438.jpg,anger
4380.jpg,anger
4381.jpg,happy
4382.jpg,surprise
4383.jpg,fear
4384.jpg,anger
4385.jpg,happy
4386.jpg,anger
4387.jpg,anger
4388.jpg,fear
4389.jpg,sad
439.jpg,neutral
4390.jpg,happy
4391.jpg,fear
4392.jpg,anger
4393.jpg,anger
4394.jpg,neutral
4395.jpg,surprise
4396.jpg,neutral
4397.jpg,neutral
4398.jpg,anger
4399.jpg,neutral
44.jpg,happy
440.jpg,anger
4400.jpg,neutral
4401.jpg,happy
4402.jpg,anger
4403.jpg,fear
4404.jpg,anger
4405.jpg,happy
4406.jpg,surprise
4407.jpg,sad
4408.jpg,fear
4409.jpg,surprise
441.jpg,anger
4410.jpg,anger
4411.jpg,happy
4412.jpg,neutral
4413.jpg,fear
4414.jpg,surprise
4415.jpg,contempt
4416.jpg,anger
4417.jpg,anger
4418.jpg,surprise
4419.jpg,happy
442.jpg,neutral
4420.jpg,uncertain
4421.jpg,sad
4422.jpg,anger
4423.jpg,neutral
4424.jpg,happy
4425.jpg,surprise
4426.jpg,anger
4427.jpg,neutral
4428.jpg,surprise
4429.jpg,neutral
443.jpg,fear
4430.jpg,neutral
4431.jpg,surprise
4432.jpg,sad
4433.jpg,neutral
4434.jpg,anger
4435.jpg,anger
4436.jpg,neutral
4437.jpg,anger
4438.jpg,anger
4439.jpg,neutral
444.jpg,fear
4440.jpg,fear
4441.jpg,neutral
4442.jpg,anger
4443.jpg,sad
4444.jpg,anger
4445.jpg,surprise
4446.jpg,neutral
4447.jpg,surprise
4448.jpg,surprise
4449.jpg,anger
445.jpg,surprise
4450.jpg,sad
4451.jpg,anger
4452.jpg,anger
4453.jpg,surprise
4454.jpg,sad
4455.jpg,contempt
4456.jpg,surprise
4457.jpg,happy
4458.jpg,disgust
4459.jpg,surprise
446.jpg,contempt
4460.jpg,anger
4461.jpg,contempt
4462.jpg,happy
4463.jpg,anger
4464.jpg,surprise
4465.jpg,disgust
4466.jpg,neutral
4467.jpg,surprise
4468.jpg,happy
4469.jpg,fear
447.jpg,uncertain
4470.jpg,happy
4471.jpg,sad
4472.jpg,happy
4473.jpg,anger
4474.jpg,neutral
4475.jpg,neutral
4476.jpg,surprise
4477.jpg,surprise
4478.jpg,sad
4479.jpg,surprise
448.jpg,fear
4480.jpg,uncertain
4481.jpg,surprise
4482.jpg,fear
4483.jpg,surprise
4484.jpg,surprise
4485.jpg,fear
4486.jpg,neutral
4487.jpg,sad
4488.jpg,surprise
4489.jpg,surprise
449.jpg,surprise
4490.jpg,anger
4491.jpg,surprise
4492.jpg,fear
4493.jpg,fear
4494.jpg,anger
4495.jpg,anger
4496.jpg,happy
4497.jpg,uncertain
4498.jpg,sad
4499.jpg,happy
45.jpg,surprise
450.jpg,neutral
4500.jpg,surprise
4501.jpg,fear
4502.jpg,anger
4503.jpg,sad
4504.jpg,neutral
4505.jpg,anger
4506.jpg,neutral
4507.jpg,sad
4508.jpg,sad
4509.jpg,neutral
451.jpg,sad
4510.jpg,neutral
4511.jpg,surprise
4512.jpg,neutral
4513.jpg,anger
4514.jpg,surprise
4515.jpg,contempt
4516.jpg,happy
4517.jpg,anger
4518.jpg,neutral
4519.jpg,anger
452.jpg,surprise
4520.jpg,anger
4521.jpg,sad
4522.jpg,neutral
4523.jpg,sad
4524.jpg,sad
4525.jpg,neutral
4526.jpg,sad
4527.jpg,neutral
4528.jpg,neutral
4529.jpg,fear
453.jpg,surprise
4530.jpg,neutral
4531.jpg,sad
4532.jpg,surprise
4533.jpg,anger
4534.jpg,happy
4535.jpg,fear
4536.jpg,surprise
4537.jpg,anger
4538.jpg,neutral
4539.jpg,fear
454.jpg,uncertain
4540.jpg,neutral
4541.jpg,contempt
4542.jpg,sad
4543.jpg,sad
4544.jpg,sad
4545.jpg,neutral
4546.jpg,sad
4547.jpg,happy
4548.jpg,surprise
4549.jpg,fear
455.jpg,anger
4550.jpg,fear
4551.jpg,neutral
4552.jpg,neutral
4553.jpg,fear
4554.jpg,sad
4555.jpg,neutral
4556.jpg,neutral
4557.jpg,disgust
4558.jpg,contempt
4559.jpg,anger
456.jpg,happy
4560.jpg,anger
4561.jpg,fear
4562.jpg,contempt
4563.jpg,surprise
4564.jpg,surprise
4565.jpg,sad
4566.jpg,sad
4567.jpg,surprise
4568.jpg,surprise
4569.jpg,fear
457.jpg,surprise
4570.jpg,sad
4571.jpg,surprise
4572.jpg,surprise
4573.jpg,sad
4574.jpg,happy
4575.jpg,neutral
4576.jpg,neutral
4577.jpg,surprise
4578.jpg,neutral
4579.jpg,surprise
458.jpg,surprise
4580.jpg,surprise
4581.jpg,neutral
4582.jpg,neutral
4583.jpg,surprise
4584.jpg,anger
4585.jpg,neutral
4586.jpg,surprise
4587.jpg,fear
4588.jpg,surprise
4589.jpg,fear
459.jpg,sad
4590.jpg,uncertain
4591.jpg,anger
4592.jpg,anger
4593.jpg,fear
4594.jpg,contempt
4595.jpg,surprise
4596.jpg,neutral
4597.jpg,sad
4598.jpg,neutral
4599.jpg,fear
46.jpg,sad
460.jpg,sad
4600.jpg,neutral
4601.jpg,fear
4602.jpg,surprise
4603.jpg,anger
4604.jpg,sad
4605.jpg,sad
4606.jpg,sad
4607.jpg,happy
4608.jpg,sad
4609.jpg,surprise
461.jpg,surprise
4610.jpg,anger
4611.jpg,fear
4612.jpg,happy
4613.jpg,neutral
4614.jpg,surprise
4615.jpg,fear
4616.jpg,anger
4617.jpg,sad
4618.jpg,fear
4619.jpg,surprise
462.jpg,surprise
4620.jpg,neutral
4621.jpg,contempt
4622.jpg,sad
4623.jpg,surprise
4624.jpg,fear
4625.jpg,disgust
4626.jpg,happy
4627.jpg,sad
4628.jpg,surprise
4629.jpg,fear
463.jpg,anger
4630.jpg,sad
4631.jpg,fear
4632.jpg,sad
4633.jpg,neutral
4634.jpg,neutral
4635.jpg,neutral
4636.jpg,disgust
4637.jpg,surprise
4638.jpg,contempt
4639.jpg,happy
464.jpg,neutral
4640.jpg,anger
4641.jpg,neutral
4642.jpg,sad
4643.jpg,sad
4644.jpg,surprise
4645.jpg,surprise
4646.jpg,anger
4647.jpg,anger
4648.jpg,happy
4649.jpg,neutral
465.jpg,sad
4650.jpg,anger
4651.jpg,sad
4652.jpg,surprise
4653.jpg,surprise
4654.jpg,happy
4655.jpg,contempt
4656.jpg,anger
4657.jpg,uncertain
4658.jpg,neutral
4659.jpg,sad
466.jpg,neutral
4660.jpg,surprise
4661.jpg,fear
4662.jpg,fear
4663.jpg,sad
4664.jpg,fear
4665.jpg,anger
4666.jpg,neutral
4667.jpg,neutral
4668.jpg,surprise
4669.jpg,contempt
467.jpg,anger
4670.jpg,happy
4671.jpg,anger
4672.jpg,anger
4673.jpg,happy
4674.jpg,neutral
4675.jpg,anger
4676.jpg,surprise
4677.jpg,happy
4678.jpg,surprise
4679.jpg,surprise
468.jpg,anger
4680.jpg,neutral
4681.jpg,neutral
4682.jpg,neutral
4683.jpg,neutral
4684.jpg,neutral
4685.jpg,neutral
4686.jpg,surprise
4687.jpg,fear
4688.jpg,contempt
4689.jpg,fear
469.jpg,surprise
4690.jpg,fear
4691.jpg,neutral
4692.jpg,anger
4693.jpg,contempt
4694.jpg,sad
4695.jpg,neutral
4696.jpg,contempt
4697.jpg,surprise
4698.jpg,neutral
4699.jpg,uncertain
47.jpg,neutral
470.jpg,surprise
4700.jpg,neutral
4701.jpg,surprise
4702.jpg,uncertain
4703.jpg,anger
4704.jpg,sad
4705.jpg,sad
4706.jpg,fear
4707.jpg,anger
4708.jpg,contempt
4709.jpg,happy
471.jpg,sad
4710.jpg,neutral
4711.jpg,anger
4712.jpg,anger
4713.jpg,anger
4714.jpg,anger
4715.jpg,neutral
4716.jpg,surprise
4717.jpg,sad
4718.jpg,neutral
4719.jpg,neutral
472.jpg,anger
4720.jpg,neutral
4721.jpg,happy
4722.jpg,uncertain
4723.jpg,neutral
4724.jpg,happy
4725.jpg,fear
4726.jpg,neutral
4727.jpg,anger
4728.jpg,surprise
4729.jpg,contempt
473.jpg,anger
4730.jpg,contempt
4731.jpg,anger
4732.jpg,anger
4733.jpg,happy
4734.jpg,anger
4735.jpg,neutral
4736.jpg,anger
4737.jpg,sad
4738.jpg,surprise
4739.jpg,neutral
474.jpg,surprise
4740.jpg,sad
4741.jpg,surprise
4742.jpg,contempt
4743.jpg,uncertain
4744.jpg,contempt
4745.jpg,sad
4746.jpg,surprise
4747.jpg,neutral
4748.jpg,uncertain
4749.jpg,anger
475.jpg,neutral
4750.jpg,surprise
4751.jpg,happy
4752.jpg,uncertain
4753.jpg,neutral
4754.jpg,surprise
4755.jpg,contempt
4756.jpg,sad
4757.jpg,sad
4758.jpg,surprise
4759.jpg,anger
476.jpg,neutral
4760.jpg,neutral
4761.jpg,neutral
4762.jpg,contempt
4763.jpg,anger
4764.jpg,neutral
4765.jpg,sad
4766.jpg,anger
4767.jpg,neutral
4768.jpg,fear
4769.jpg,fear
477.jpg,sad
4770.jpg,anger
4771.jpg,neutral
4772.jpg,neutral
4773.jpg,surprise
4774.jpg,neutral
4775.jpg,anger
4776.jpg,contempt
4777.jpg,anger
4778.jpg,happy
4779.jpg,surprise
478.jpg,neutral
4780.jpg,sad
4781.jpg,happy
4782.jpg,fear
4783.jpg,sad
4784.jpg,neutral
4785.jpg,sad
4786.jpg,happy
4787.jpg,sad
4788.jpg,fear
4789.jpg,anger
479.jpg,sad
4790.jpg,anger
4791.jpg,disgust
4792.jpg,surprise
4793.jpg,sad
4794.jpg,sad
4795.jpg,neutral
4796.jpg,happy
4797.jpg,happy
4798.jpg,sad
4799.jpg,neutral
48.jpg,sad
480.jpg,surprise
4800.jpg,neutral
4801.jpg,happy
4802.jpg,anger
4803.jpg,neutral
4804.jpg,anger
4805.jpg,happy
4806.jpg,fear
4807.jpg,anger
4808.jpg,anger
4809.jpg,neutral
481.jpg,surprise
4810.jpg,neutral
4811.jpg,sad
4812.jpg,surprise
4813.jpg,anger
4814.jpg,sad
4815.jpg,anger
4816.jpg,sad
4817.jpg,happy
4818.jpg,happy
4819.jpg,neutral
482.jpg,fear
4820.jpg,uncertain
4821.jpg,surprise
4822.jpg,happy
4823.jpg,anger
4824.jpg,surprise
4825.jpg,anger
4826.jpg,anger
4827.jpg,sad
4828.jpg,surprise
4829.jpg,neutral
483.jpg,sad
4830.jpg,fear
4831.jpg,surprise
4832.jpg,neutral
4833.jpg,surprise
4834.jpg,surprise
4835.jpg,happy
4836.jpg,anger
4837.jpg,happy
4838.jpg,neutral
4839.jpg,anger
484.jpg,sad
4840.jpg,neutral
4841.jpg,neutral
4842.jpg,sad
4843.jpg,surprise
4844.jpg,anger
4845.jpg,uncertain
4846.jpg,sad
4847.jpg,sad
4848.jpg,anger
4849.jpg,sad
485.jpg,happy
4850.jpg,neutral
4851.jpg,happy
4852.jpg,anger
4853.jpg,neutral
4854.jpg,sad
4855.jpg,surprise
4856.jpg,sad
4857.jpg,anger
4858.jpg,surprise
4859.jpg,neutral
486.jpg,surprise
4860.jpg,surprise
4861.jpg,anger
4862.jpg,contempt
4863.jpg,anger
4864.jpg,contempt
4865.jpg,neutral
4866.jpg,surprise
4867.jpg,surprise
4868.jpg,neutral
4869.jpg,sad
487.jpg,surprise
4870.jpg,neutral
4871.jpg,neutral
4872.jpg,fear
4873.jpg,neutral
4874.jpg,neutral
4875.jpg,neutral
4876.jpg,neutral
4877.jpg,surprise
4878.jpg,disgust
4879.jpg,surprise
488.jpg,anger
4880.jpg,surprise
4881.jpg,anger
4882.jpg,surprise
4883.jpg,surprise
4884.jpg,sad
4885.jpg,anger
4886.jpg,neutral
4887.jpg,fear
4888.jpg,anger
4889.jpg,surprise
489.jpg,anger
4890.jpg,anger
4891.jpg,neutral
4892.jpg,neutral
4893.jpg,contempt
4894.jpg,surprise
4895.jpg,fear
4896.jpg,sad
4897.jpg,neutral
4898.jpg,neutral
4899.jpg,contempt
49.jpg,surprise
490.jpg,sad
4900.jpg,fear
4901.jpg,neutral
4902.jpg,sad
4903.jpg,sad
4904.jpg,contempt
4905.jpg,sad
4906.jpg,contempt
4907.jpg,neutral
4908.jpg,fear
4909.jpg,anger
491.jpg,fear
4910.jpg,fear
4911.jpg,fear
4912.jpg,surprise
4913.jpg,anger
4914.jpg,happy
4915.jpg,anger
4916.jpg,surprise
4917.jpg,surprise
4918.jpg,happy
4919.jpg,anger
492.jpg,happy
4920.jpg,anger
4921.jpg,surprise
4922.jpg,neutral
4923.jpg,surprise
4924.jpg,surprise
4925.jpg,anger
4926.jpg,surprise
4927.jpg,contempt
4928.jpg,anger
4929.jpg,surprise
493.jpg,neutral
4930.jpg,disgust
4931.jpg,sad
4932.jpg,happy
4933.jpg,neutral
4934.jpg,happy
4935.jpg,surprise
4936.jpg,anger
4937.jpg,surprise
4938.jpg,surprise
4939.jpg,contempt
494.jpg,sad
4940.jpg,surprise
4941.jpg,neutral
4942.jpg,neutral
4943.jpg,neutral
4944.jpg,surprise
4945.jpg,fear
4946.jpg,surprise
4947.jpg,fear
4948.jpg,neutral
4949.jpg,fear
495.jpg,happy
4950.jpg,anger
4951.jpg,sad
4952.jpg,fear
4953.jpg,surprise
4954.jpg,surprise
4955.jpg,happy
4956.jpg,happy
4957.jpg,anger
4958.jpg,neutral
4959.jpg,contempt
496.jpg,anger
4960.jpg,anger
4961.jpg,neutral
4962.jpg,uncertain
4963.jpg,anger
4964.jpg,surprise
4965.jpg,fear
4966.jpg,neutral
4967.jpg,fear
4968.jpg,anger
4969.jpg,happy
497.jpg,surprise
4970.jpg,sad
4971.jpg,surprise
4972.jpg,neutral
4973.jpg,surprise
4974.jpg,anger
4975.jpg,contempt
4976.jpg,contempt
4977.jpg,happy
4978.jpg,surprise
4979.jpg,sad
498.jpg,fear
4980.jpg,neutral
4981.jpg,neutral
4982.jpg,neutral
4983.jpg,sad
4984.jpg,surprise
4985.jpg,sad
4986.jpg,uncertain
4987.jpg,anger
4988.jpg,surprise
4989.jpg,neutral
499.jpg,sad
4990.jpg,surprise
4991.jpg,anger
4992.jpg,neutral
4993.jpg,sad
4994.jpg,sad
4995.jpg,surprise
4996.jpg,surprise
4997.jpg,neutral
4998.jpg,sad
4999.jpg,contempt
5.jpg,anger
50.jpg,neutral
500.jpg,fear
501.jpg,neutral
502.jpg,neutral
503.jpg,anger
504.jpg,fear
505.jpg,anger
506.jpg,fear
507.jpg,contempt
508.jpg,surprise
509.jpg,surprise
51.jpg,surprise
510.jpg,surprise
511.jpg,happy
512.jpg,happy
513.jpg,surprise
514.jpg,anger
515.jpg,disgust
516.jpg,happy
517.jpg,anger
518.jpg,surprise
519.jpg,surprise
52.jpg,neutral
520.jpg,happy
521.jpg,neutral
522.jpg,neutral
523.jpg,neutral
524.jpg,happy
525.jpg,anger
526.jpg,surprise
527.jpg,fear
528.jpg,sad
529.jpg,surprise
53.jpg,anger
530.jpg,neutral
531.jpg,disgust
532.jpg,anger
533.jpg,neutral
534.jpg,sad
535.jpg,sad
536.jpg,uncertain
537.jpg,surprise
538.jpg,neutral
539.jpg,fear
54.jpg,anger
540.jpg,neutral
541.jpg,neutral
542.jpg,fear
543.jpg,fear
544.jpg,surprise
545.jpg,neutral
546.jpg,neutral
547.jpg,surprise
548.jpg,surprise
549.jpg,neutral
55.jpg,contempt
550.jpg,surprise
551.jpg,happy
552.jpg,anger
553.jpg,surprise
554.jpg,neutral
555.jpg,anger
556.jpg,anger
557.jpg,surprise
558.jpg,fear
559.jpg,sad
56.jpg,anger
560.jpg,surprise
561.jpg,surprise
562.jpg,sad
563.jpg,sad
564.jpg,neutral
565.jpg,neutral
566.jpg,surprise
567.jpg,neutral
568.jpg,happy
569.jpg,surprise
57.jpg,neutral
570.jpg,neutral
571.jpg,neutral
572.jpg,surprise
573.jpg,happy
574.jpg,anger
575.jpg,anger
576.jpg,anger
577.jpg,surprise
578.jpg,sad
579.jpg,neutral
58.jpg,surprise
580.jpg,fear
581.jpg,surprise
582.jpg,disgust
583.jpg,surprise
584.jpg,surprise
585.jpg,neutral
586.jpg,fear
587.jpg,happy
588.jpg,contempt
589.jpg,sad
59.jpg,anger
590.jpg,sad
591.jpg,fear
592.jpg,surprise
593.jpg,happy
594.jpg,anger
595.jpg,happy
596.jpg,sad
597.jpg,contempt
598.jpg,disgust
599.jpg,contempt
6.jpg,anger
60.jpg,happy
600.jpg,surprise
601.jpg,surprise
602.jpg,anger
603.jpg,anger
604.jpg,fear
605.jpg,fear
606.jpg,anger
607.jpg,neutral
608.jpg,surprise
609.jpg,uncertain
61.jpg,neutral
610.jpg,neutral
611.jpg,surprise
612.jpg,surprise
613.jpg,anger
614.jpg,surprise
615.jpg,contempt
616.jpg,anger
617.jpg,neutral
618.jpg,anger
619.jpg,anger
62.jpg,happy
620.jpg,surprise
621.jpg,fear
622.jpg,anger
623.jpg,neutral
624.jpg,surprise
625.jpg,surprise
626.jpg,surprise
627.jpg,disgust
628.jpg,neutral
629.jpg,anger
63.jpg,fear
630.jpg,anger
631.jpg,surprise
632.jpg,anger
633.jpg,fear
634.jpg,happy
635.jpg,sad
636.jpg,happy
637.jpg,fear
638.jpg,surprise
639.jpg,surprise
64.jpg,neutral
640.jpg,sad
641.jpg,surprise
642.jpg,surprise
643.jpg,happy
644.jpg,sad
645.jpg,anger
646.jpg,neutral
647.jpg,fear
648.jpg,happy
649.jpg,surprise
65.jpg,disgust
650.jpg,anger
651.jpg,neutral
652.jpg,sad
653.jpg,anger
654.jpg,anger
655.jpg,surprise
656.jpg,surprise
657.jpg,fear
658.jpg,anger
659.jpg,happy
66.jpg,anger
660.jpg,disgust
661.jpg,neutral
662.jpg,surprise
663.jpg,anger
664.jpg,happy
665.jpg,neutral
666.jpg,surprise
667.jpg,sad
668.jpg,neutral
669.jpg,anger
67.jpg,happy
670.jpg,happy
671.jpg,surprise
672.jpg,anger
673.jpg,anger
674.jpg,sad
675.jpg,neutral
676.jpg,anger
677.jpg,anger
678.jpg,surprise
679.jpg,sad
68.jpg,anger
680.jpg,neutral
681.jpg,anger
682.jpg,surprise
683.jpg,neutral
684.jpg,surprise
685.jpg,surprise
686.jpg,fear
687.jpg,surprise
688.jpg,surprise
689.jpg,anger
69.jpg,anger
690.jpg,surprise
691.jpg,anger
692.jpg,happy
693.jpg,surprise
694.jpg,anger
695.jpg,neutral
696.jpg,anger
697.jpg,fear
698.jpg,happy
699.jpg,anger
7.jpg,neutral
70.jpg,neutral
700.jpg,anger
701.jpg,surprise
702.jpg,anger
703.jpg,neutral
704.jpg,anger
705.jpg,sad
706.jpg,surprise
707.jpg,neutral
708.jpg,sad
709.jpg,sad
71.jpg,neutral
710.jpg,surprise
711.jpg,fear
712.jpg,surprise
713.jpg,neutral
714.jpg,anger
715.jpg,happy
716.jpg,fear
717.jpg,neutral
718.jpg,anger
719.jpg,anger
72.jpg,anger
720.jpg,surprise
721.jpg,anger
722.jpg,contempt
723.jpg,surprise
724.jpg,neutral
725.jpg,surprise
726.jpg,sad
727.jpg,happy
728.jpg,neutral
729.jpg,surprise
73.jpg,anger
730.jpg,fear
731.jpg,anger
732.jpg,fear
733.jpg,anger
734.jpg,sad
735.jpg,surprise
736.jpg,anger
737.jpg,happy
738.jpg,sad
739.jpg,sad
74.jpg,anger
740.jpg,neutral
741.jpg,anger
742.jpg,happy
743.jpg,fear
744.jpg,anger
745.jpg,neutral
746.jpg,anger
747.jpg,anger
748.jpg,sad
749.jpg,neutral
75.jpg,happy
750.jpg,happy
751.jpg,sad
752.jpg,neutral
753.jpg,fear
754.jpg,surprise
755.jpg,anger
756.jpg,happy
757.jpg,sad
758.jpg,fear
759.jpg,sad
76.jpg,fear
760.jpg,neutral
761.jpg,anger
762.jpg,fear
763.jpg,sad
764.jpg,surprise
765.jpg,happy
766.jpg,neutral
767.jpg,anger
768.jpg,neutral
769.jpg,happy
77.jpg,neutral
770.jpg,contempt
771.jpg,surprise
772.jpg,surprise
773.jpg,anger
774.jpg,fear
775.jpg,sad
776.jpg,anger
777.jpg,anger
778.jpg,fear
779.jpg,surprise
78.jpg,sad
780.jpg,surprise
781.jpg,anger
782.jpg,surprise
783.jpg,surprise
784.jpg,surprise
785.jpg,contempt
786.jpg,sad
787.jpg,anger
788.jpg,sad
789.jpg,fear
79.jpg,anger
790.jpg,anger
791.jpg,surprise
792.jpg,sad
793.jpg,anger
794.jpg,surprise
795.jpg,happy
796.jpg,anger
797.jpg,happy
798.jpg,anger
799.jpg,anger
8.jpg,fear
80.jpg,sad
800.jpg,anger
801.jpg,fear
802.jpg,neutral
803.jpg,fear
804.jpg,surprise
805.jpg,surprise
806.jpg,fear
807.jpg,surprise
808.jpg,uncertain
809.jpg,surprise
81.jpg,sad
810.jpg,surprise
811.jpg,fear
812.jpg,disgust
813.jpg,surprise
814.jpg,sad
815.jpg,neutral
816.jpg,anger
817.jpg,neutral
818.jpg,surprise
819.jpg,happy
82.jpg,fear
820.jpg,neutral
821.jpg,surprise
822.jpg,neutral
823.jpg,surprise
824.jpg,neutral
825.jpg,sad
826.jpg,sad
827.jpg,neutral
828.jpg,surprise
829.jpg,sad
83.jpg,surprise
830.jpg,neutral
831.jpg,neutral
832.jpg,surprise
833.jpg,neutral
834.jpg,surprise
835.jpg,neutral
836.jpg,neutral
837.jpg,neutral
838.jpg,anger
839.jpg,neutral
84.jpg,happy
840.jpg,neutral
841.jpg,neutral
842.jpg,surprise
843.jpg,neutral
844.jpg,anger
845.jpg,surprise
846.jpg,happy
847.jpg,anger
848.jpg,anger
849.jpg,neutral
85.jpg,fear
850.jpg,fear
851.jpg,anger
852.jpg,anger
853.jpg,sad
854.jpg,neutral
855.jpg,sad
856.jpg,surprise
857.jpg,neutral
858.jpg,surprise
859.jpg,neutral
86.jpg,neutral
860.jpg,anger
861.jpg,sad
862.jpg,neutral
863.jpg,sad
864.jpg,surprise
865.jpg,happy
866.jpg,happy
867.jpg,surprise
868.jpg,happy
869.jpg,fear
87.jpg,anger
870.jpg,happy
871.jpg,anger
872.jpg,neutral
873.jpg,surprise
874.jpg,sad
875.jpg,surprise
876.jpg,surprise
877.jpg,contempt
878.jpg,fear
879.jpg,neutral
88.jpg,neutral
880.jpg,surprise
881.jpg,anger
882.jpg,neutral
883.jpg,anger
884.jpg,anger
885.jpg,fear
886.jpg,surprise
887.jpg,neutral
888.jpg,anger
889.jpg,surprise
89.jpg,surprise
890.jpg,sad
891.jpg,anger
892.jpg,surprise
893.jpg,neutral
894.jpg,uncertain
895.jpg,sad
896.jpg,happy
897.jpg,neutral
898.jpg,neutral
899.jpg,happy
9.jpg,happy
90.jpg,surprise
900.jpg,happy
901.jpg,neutral
902.jpg,neutral
903.jpg,surprise
904.jpg,contempt
905.jpg,contempt
906.jpg,neutral
907.jpg,fear
908.jpg,sad
909.jpg,anger
91.jpg,anger
910.jpg,surprise
911.jpg,surprise
912.jpg,happy
913.jpg,surprise
914.jpg,fear
915.jpg,neutral
916.jpg,surprise
917.jpg,surprise
918.jpg,anger
919.jpg,anger
92.jpg,neutral
920.jpg,uncertain
921.jpg,surprise
922.jpg,anger
923.jpg,contempt
924.jpg,fear
925.jpg,sad
926.jpg,fear
927.jpg,anger
928.jpg,happy
929.jpg,surprise
93.jpg,anger
930.jpg,surprise
931.jpg,surprise
932.jpg,anger
933.jpg,neutral
934.jpg,happy
935.jpg,anger
936.jpg,fear
937.jpg,sad
938.jpg,anger
939.jpg,anger
94.jpg,neutral
940.jpg,neutral
941.jpg,happy
942.jpg,anger
943.jpg,sad
944.jpg,surprise
945.jpg,fear
946.jpg,sad
947.jpg,happy
948.jpg,anger
949.jpg,happy
95.jpg,surprise
950.jpg,neutral
951.jpg,surprise
952.jpg,anger
953.jpg,surprise
954.jpg,anger
955.jpg,anger
956.jpg,fear
957.jpg,neutral
958.jpg,anger
959.jpg,fear
96.jpg,neutral
960.jpg,fear
961.jpg,surprise
962.jpg,sad
963.jpg,fear
964.jpg,neutral
965.jpg,sad
966.jpg,surprise
967.jpg,fear
968.jpg,neutral
969.jpg,neutral
97.jpg,anger
970.jpg,fear
971.jpg,fear
972.jpg,neutral
973.jpg,disgust
974.jpg,neutral
975.jpg,neutral
976.jpg,happy
977.jpg,contempt
978.jpg,sad
979.jpg,sad
98.jpg,anger
980.jpg,neutral
981.jpg,neutral
982.jpg,surprise
983.jpg,sad
984.jpg,sad
985.jpg,happy
986.jpg,sad
987.jpg,anger
988.jpg,sad
989.jpg,fear
99.jpg,fear
990.jpg,contempt
991.jpg,anger
992.jpg,fear
993.jpg,happy
994.jpg,surprise
995.jpg,surprise
996.jpg,happy
997.jpg,sad
998.jpg,neutral
999.jpg,surprise
